id,name,artist_id,year,popularity,release_date,energy,danceability,instrumentalness,loudness,tempo,valence,energy_category,tempo_category,danceability_category,valence_category,danceability_valence_interaction,loudness_scaled,loudness_category,instrumentalness_category,custom_score
0WbMK4wrZ1wFSty9F7FCgu,"Good Luck, Babe!",7GlBOeep6PqTfFi59PTUUN,2024,96,2024-04-05,0.582,0.7,0.0,-5.96,116.712,0.785,Medium,Medium,High,Happy,0.5495,0.6692142168138311,High,None,0.6855928433627662
6AI3ezQ4o3HUoP6Dhudph3,Not Like Us,2YZyLoL8N0Wb9xBt1NhZWg,2024,96,2024-05-04,0.472,0.898,0.0,-7.001,101.061,0.214,Medium,Medium,High,Sad,0.192172,0.5919715070119463,High,None,0.5592943014023892
6dOtVTDdiauQNBQEDOtlAB,BIRDS OF A FEATHER,6qqNVTkY8uBg9cP3Jd7DAH,2024,100,2024-05-17,0.507,0.747,0.0608,-10.171,104.978,0.438,Medium,Medium,High,Neutral,0.327186,0.3567559545893004,Low,Low,0.5317011909178601
7221xIgOnuakPdLqT0F3nP,I Had Some Help (Feat. Morgan Wallen),246dkjvS1zLTtiykXe5h60,2024,94,2024-05-10,0.855,0.638,0.0,-4.86,127.986,0.731,High,Medium,Medium,Happy,0.466378,0.7508347555093864,Very High,None,0.7380669511018773
5N3hjp1WNayUPZrA8kJmJP,Please Please Please,74KM79TiuVKeVCqs8QtB0B,2024,97,2024-06-06,0.586,0.669,0.0,-6.073,107.071,0.579,Medium,Medium,Medium,Neutral,0.387351,0.6608295614751057,High,None,0.6241159122950212
2qSkIjg1o9h3YT9RAgYN75,Espresso,74KM79TiuVKeVCqs8QtB0B,2024,98,2024-04-12,0.76,0.701,6.54e-05,-5.478,103.969,0.69,High,Medium,High,Happy,0.4836899999999999,0.7049788528604289,High,Low,0.7137957705720858
5AJ9hqTS2wcFQCELCFRO7A,MILLION DOLLAR BABY,1WaFQSHVGZQJTbf0BdxdNo,2024,94,2024-04-26,0.697,0.852,0.00037,-5.52,138.029,0.919,Medium,Medium,High,Happy,0.782988,0.7018624322920533,High,Low,0.7999724864584106
2FQrifJ1N335Ljm3TjTVVf,A Bar Song (Tipsy),3y2cIKLjiOlp1Np37WiUdH,2024,92,2024-04-12,0.709,0.722,0.0,-4.95,81.012,0.604,High,Slow,High,Happy,0.436088,0.7441567114342955,High,None,0.6936813422868591
4ZJ4vzLQekI0WntDbanNC7,Pink Skies,40ZNYROS4zLfyyBSs2PGe2,2024,88,2024-05-24,0.488,0.525,5.14e-05,-6.909,84.999,0.253,Medium,Slow,Medium,Sad,0.132825,0.5987979520664837,High,Low,0.4625095904132967
7Fzl7QaTu47WyP9R5S5mh5,Lies Lies Lies,4oUHIQIBe0LHzYfvXNW4QM,2024,87,2024-07-05,0.702,0.486,7.54e-05,-5.758,81.053,0.382,High,Slow,Medium,Neutral,0.185652,0.684202715737924,High,Low,0.5536405431475848
5iJKGpnFfvbjZJeAtwXfCj,28,40ZNYROS4zLfyyBSs2PGe2,2024,87,2024-07-04,0.519,0.492,8.47e-05,-6.886,80.868,0.435,Medium,Slow,Medium,Neutral,0.21402,0.600504563330118,High,Low,0.5062009126660236
629DixmZGHc7ILtEntuiWE,LUNCH,6qqNVTkY8uBg9cP3Jd7DAH,2024,93,2024-05-17,0.4,0.893,0.0823,-7.981,124.987,0.945,Low,Medium,High,Happy,0.843885,0.5192550270831788,High,Low,0.7080010054166357
2tudvzsrR56uom6smgOcSf,Like That,1RyvyyTE3xzB2ZywiAwp0i,2024,89,2024-03-22,0.676,0.814,1.28e-05,-4.67,162.012,0.312,Medium,Fast,High,Neutral,0.2539679999999999,0.7649328485568005,Very High,Low,0.6441865697113601
2uqYupMHANxnwgeiXTZXzd,Austin (Boots Stop Workin'),7Ez6lTtSMjMf2YSYpukP1I,2024,91,2024-02-16,0.672,0.756,3.37e-06,-6.743,114.935,0.739,Medium,Medium,High,Happy,0.558684,0.6111152333605402,High,Low,0.701773046672108
3WOhcATHxK2SLNeP5W3v1v,Guess featuring Billie Eilish,25uiPmTg16RbhZWAqwLBy5,2024,91,2024-08-01,0.667,0.776,0.3,-6.622,130.019,0.618,Medium,Medium,High,Happy,0.479568,0.6200934926170514,High,Medium,0.6780686985234103
7tI8dRuH2Yc6RuoTjxo4dU,Who,1oSPZhvZMIrWW5I41kPkkY,2024,94,2024-07-19,0.756,0.66,0.0,-3.743,116.034,0.838,High,Medium,Medium,Happy,0.55308,0.8337167025302368,Very High,None,0.7632433405060474
4w2GLmK2wnioVnb5CPQeex,360,25uiPmTg16RbhZWAqwLBy5,2024,89,2024-06-07,0.62,0.857,0.244,-8.13,120.042,0.796,Medium,Medium,High,Happy,0.682172,0.5081991541144172,High,Low,0.7127398308228834
3Vr3zh0r7ALn8VLqCiRR10,Stargazing,3bO19AOone0ubCsfDXDtYt,2024,93,2024-05-10,0.601,0.635,0.0,-6.129,123.994,0.332,Medium,Medium,Medium,Neutral,0.21082,0.6566743340506048,High,None,0.5550848668101209
6GG4yyk3UATdBfTHVgI8PB,Ain't No Love In Oklahoma (From Twisters: The Album),718COspgdWOnwOFpJHRZHS,2024,85,2024-05-16,0.658,0.487,0.00777,-9.973,142.18,0.282,Medium,Fast,Medium,Sad,0.1373339999999999,0.3714476515545002,Low,Low,0.4553895303109
5fZJQrFKWQLb7FpJXZ1g7K,A Bar Song (Tipsy),3y2cIKLjiOlp1Np37WiUdH,2024,88,2024-05-31,0.706,0.722,0.0,-4.857,80.969,0.599,High,Slow,High,Neutral,0.432478,0.7510573569785561,Very High,None,0.6930614713957113
19RybK6XDbAVpcdxSbZL1o,Apple,25uiPmTg16RbhZWAqwLBy5,2024,89,2024-06-07,0.957,0.804,0.0174,-5.452,126.035,0.962,High,Medium,High,Happy,0.773448,0.7069080655932329,High,Low,0.8623316131186466
51eSHglvG1RJXtL3qI5trr,Slow It Down,22wbnEMDvgVIAGdFeek6ET,2024,90,2024-04-05,0.583,0.432,0.0,-4.682,181.489,0.544,Medium,Fast,Medium,Neutral,0.235008,0.7640424426801218,Very High,None,0.5641584885360243
3Pbp7cUCx4d3OAkZSCoNvn,Scared To Start,4j96cMcT8GRi11qbvo1cLQ,2024,88,2024-01-12,0.551,0.527,2.75e-06,-11.258,148.035,0.443,Medium,Fast,Medium,Neutral,0.233461,0.276100022260147,Low,Low,0.4618200044520294
7BRD7x5pt8Lqa1eGYC4dzj,CHIHIRO,6qqNVTkY8uBg9cP3Jd7DAH,2024,91,2024-05-17,0.425,0.7,0.879,-12.531,110.015,0.521,Low,Medium,High,Neutral,0.3646999999999999,0.1816427988424723,Very Low,High,0.4828285597684945
0AjmK0Eai4zGrLaJwPvrDp,Too Sweet,2FXC3k01G6Gw61bmprjgqS,2024,83,2024-03-22,0.62,0.741,0.000809,-5.505,117.038,0.934,Medium,Medium,High,Happy,0.692094,0.7029754396379018,High,Low,0.7513950879275804
3QaPy1KgI7nu9FJEQUgn6h,WILDFLOWER,6qqNVTkY8uBg9cP3Jd7DAH,2024,90,2024-05-17,0.247,0.467,0.000271,-12.002,148.101,0.126,Low,Fast,Medium,Sad,0.058842,0.2208948579060622,Very Low,Low,0.2775289715812125
3xkHsmpQCBMytMJNiDf3Ii,Beautiful Things,22wbnEMDvgVIAGdFeek6ET,2024,91,2024-04-05,0.471,0.472,0.0,-5.692,105.029,0.219,Medium,Medium,Medium,Sad,0.103368,0.6890999480596572,High,None,0.4519199896119314
5crxqqibcvoOQQgg4HjAFQ,Guy For That (Feat. Luke Combs),246dkjvS1zLTtiykXe5h60,2024,86,2024-07-26,0.914,0.608,0.0,-4.116,120.01,0.511,High,Medium,Medium,Neutral,0.310688,0.8060399198634711,Very High,None,0.6998579839726942
6jlG8gBPNAgBgoivw2Ig09,DEVIL IS A LIE,1WaFQSHVGZQJTbf0BdxdNo,2024,88,2024-06-14,0.452,0.904,0.0,-7.272,90.026,0.613,Medium,Slow,High,Happy,0.554152,0.5718631742969504,High,None,0.6518226348593901
1bjeWoagtHmUKputLVyDxQ,Saturn,7tYKF4w9nC0nq9CsPZTHyP,2024,89,2024-02-22,0.619,0.411,0.0,-6.834,177.937,0.337,Medium,Fast,Medium,Neutral,0.138507,0.6043629887957261,High,None,0.4831725977591452
0OA00aPt3BV10qeMIs3meW,Big Dawgs,4nVa6XlBFlIkF6msW57PHp,2024,90,2024-07-09,0.745,0.464,0.0,-3.202,180.098,0.262,High,Fast,Medium,Sad,0.121568,0.8738591674705054,Very High,None,0.5657218334941011
6WatFBLVB0x077xWeoVc2k,Si Antes Te Hubiera Conocido,790FomKkXshlbRYZFtlgla,2024,96,2024-06-21,0.668,0.924,0.000594,-6.795,128.027,0.787,Medium,Medium,High,Happy,0.7271880000000001,0.6072568078949322,High,Low,0.7624013615789864
5b3XJ1pjrHO5JtY2PcTjnI,Mamushi (feat. Yuki Chiba),181bsRPaVXVlUKXrxwZfHK,2024,88,2024-06-28,0.531,0.892,0.0,-4.968,81.036,0.209,Medium,Slow,High,Sad,0.1864279999999999,0.7428211026192774,High,None,0.6011642205238554
7iQMm50NNwlUIRWhONZR2k,Wind Up Missin’ You,4sCKpwwEsgReZxjtKFm2A0,2024,83,2024-03-29,0.722,0.572,1.12e-06,-5.818,171.857,0.636,High,Fast,Medium,Happy,0.3637919999999999,0.67975068635453,High,Low,0.647050137270906
2OzhQlSqBEmt7hmkYxfT6m,Fortnight (feat. Post Malone),06HL4z0CvFAxyc27GXpf02,2024,90,2024-04-18,0.386,0.504,1.53e-05,-10.976,192.004,0.281,Low,Fast,Medium,Sad,0.141624,0.2970245603620983,Low,Low,0.3773549120724196
4IadxL6BUymXlh8RCJJu7T,Too Sweet,2FXC3k01G6Gw61bmprjgqS,2024,82,2024-03-22,0.62,0.741,0.000809,-5.505,117.038,0.934,Medium,Medium,High,Happy,0.692094,0.7029754396379018,High,Low,0.7513950879275804
6XjDF6nds4DE2BBbagZol6,Gata Only,7CvTknweLr9feJtRGrpDBy,2024,95,2024-02-02,0.499,0.791,2.41e-05,-8.472,99.986,0.669,Medium,Slow,High,Happy,0.5291790000000001,0.4828225866290718,Low,Low,0.6258645173258144
28drn6tQo95MRvO0jQEo5C,Type Shit,1RyvyyTE3xzB2ZywiAwp0i,2024,87,2024-03-22,0.552,0.64,0.0,-5.679,144.941,0.112,Medium,Fast,Medium,Sad,0.07168,0.6900645544260593,High,None,0.4960129108852119
6WTFHKrnZpwEBLRS10Ylqs,misses,6USv9qhCn6zfxlBQIYJ9qs,2024,86,2024-05-03,0.509,0.578,0.734,-6.229,119.945,0.586,Medium,Medium,Medium,Neutral,0.3387079999999999,0.6492542850782816,High,High,0.5770008570156563
2HYFX63wP3otVIvopRS99Z,Houdini,7dGJo4pcD2V6oG8kP0tJRR,2024,90,2024-05-31,0.887,0.936,1.88e-06,-2.76,127.003,0.889,High,Medium,High,Happy,0.8321040000000001,0.906655783928174,Very High,Low,0.9061311567856348
5uQ7de4EWjb3rkcFxyEOpu,Belong Together,11p2E654TTU8e0nZWBR4AL,2024,91,2024-02-16,0.668,0.646,0.0,-5.203,90.969,0.64,Medium,Slow,Medium,Happy,0.41344,0.7253839875343178,High,None,0.6658767975068636
77DRzu7ERs0TX3roZcre7Q,euphoria,2YZyLoL8N0Wb9xBt1NhZWg,2024,85,2024-04-30,0.643,0.831,0.0,-5.002,139.948,0.142,Medium,Medium,High,Sad,0.1180019999999999,0.7402982859686875,High,None,0.5936096571937375
5ZLL6wYXeqg0k35ZkDRfhZ,Pour Me A Drink (Feat. Blake Shelton),246dkjvS1zLTtiykXe5h60,2024,84,2024-06-21,0.904,0.577,0.0,-3.817,119.033,0.861,High,Medium,Medium,Happy,0.4967969999999999,0.8282258662907176,Very High,None,0.7799951732581435
4Na2HfNSr58chvfX69fy36,one of wun,2hlmm7s2ICUX0LVIhVFlZQ,2024,85,2024-05-10,0.453,0.915,0.000163,-4.589,139.943,0.287,Medium,Medium,High,Sad,0.262605,0.7709430882243824,Very High,Low,0.6136886176448765
4pkb8SbRGeHAvdb87v9rpf,Miles On It,64KEffDW9EtZ1y2vBYgq8T,2024,85,2024-05-03,0.761,0.634,0.0,-4.752,129.963,0.785,High,Medium,Medium,Happy,0.49769,0.7588484083994955,Very High,None,0.7284696816798991
51rfRCiUSvxXlCSCfIztBy,"I Love You, I'm Sorry",4tuJ0bMpJh08umKkEXKUI5,2024,86,2024-06-21,0.406,0.53,0.0,-7.507,115.94,0.338,Low,Medium,Medium,Neutral,0.17914,0.5544260592119908,High,None,0.4558852118423982
4VQO1UdVIecQqB49PlANHz,It's Up (feat. Young Thug & 21 Savage),3TVXtAsR1Inumwj472S9r4,2024,79,2024-08-10,0.719,0.782,0.0,-4.863,139.941,0.304,High,Medium,High,Neutral,0.237728,0.7506121540402166,Very High,None,0.6404724308080434
2hrycoFU1mZw6YPvMcn8yC,KEHLANI,0jPHHnU8GUWEF7rwPE9osY,2024,88,2024-06-24,0.634,0.645,3.78e-06,-3.769,160.017,0.352,Medium,Fast,Medium,Neutral,0.22704,0.8317874897974327,Very High,Low,0.6063574979594865
2GxrNKugF82CnoRFbQfzPf,i like the way you kiss me,0PCCGZ0wGLizHt2KZ7hhA2,2024,91,2024-03-19,0.946,0.599,0.0106,-4.263,151.647,0.747,High,Fast,Medium,Happy,0.447453,0.795132447874156,Very High,Low,0.7619764895748312
22DH8NChecsgPxDjA4pqer,Tough,0VRj0yCOv2FXJNP47XQnx5,2024,88,2024-07-03,0.557,0.582,1.87e-05,-7.981,84.989,0.211,Medium,Slow,Medium,Sad,0.122802,0.5192550270831788,High,Low,0.4704510054166357
7iabz12vAuVQYyekFIWJxD,BAND4BAND (feat. Lil Baby),5H4yInM5zmHqpKIoMNAx4r,2024,89,2024-05-23,0.764,0.882,0.0,-5.241,140.113,0.886,High,Fast,High,Happy,0.781452,0.722564368924835,High,None,0.8216128737849671
6tNQ70jh4OwmPGpYy6R2o9,Beautiful Things,22wbnEMDvgVIAGdFeek6ET,2024,90,2024-01-18,0.471,0.472,0.0,-5.692,105.029,0.219,Medium,Medium,Medium,Sad,0.103368,0.6890999480596572,High,None,0.4519199896119314
4q5YezDOIPcoLr8R81x9qy,I Can Do It With a Broken Heart,06HL4z0CvFAxyc27GXpf02,2024,87,2024-04-18,0.751,0.701,0.0,-8.39,129.994,0.22,High,Medium,High,Sad,0.15422,0.4889070267863767,Low,None,0.5508314053572754
0y5Ex8oQ8zCH5TQxHUy1Eo,you look like you love me (feat. Riley Green),6BRxQ8cD3eqnrVj6WKDok8,2024,83,2024-06-21,0.675,0.663,0.0,-5.851,128.942,0.455,Medium,Medium,Medium,Neutral,0.301665,0.6773020701936634,High,None,0.6168604140387327
2bl81llf715VEEbAx03yvB,Close To You,4tuJ0bMpJh08umKkEXKUI5,2024,85,2024-06-21,0.727,0.59,6.48e-05,-7.955,121.966,0.356,High,Medium,Medium,Neutral,0.2100399999999999,0.5211842398159828,High,Low,0.5519868479631965
52eIcoLUM25zbQupAZYoFh,redrum,1URnnhqYAYcrqrcwql10ft,2024,85,2024-01-12,0.733,0.625,0.000983,-8.757,172.09,0.244,High,Fast,Medium,Sad,0.1525,0.4616754470579506,Low,Low,0.5240850894115902
57wp7VFnV8X0pSVnYArGeJ,Whatever She Wants,2EMAnMvWE2eb56ToJVfCWs,2024,82,2024-02-13,0.512,0.803,0.0,-6.871,96.02,0.435,Medium,Slow,High,Neutral,0.349305,0.6016175706759664,High,None,0.5979735141351933
1HBv0BqHfm6sMsAUg5H3Yo,Blue Green Red,3TVXtAsR1Inumwj472S9r4,2024,76,2024-08-10,0.678,0.762,0.0013,-4.921,129.985,0.83,Medium,Medium,High,Happy,0.63246,0.7463085256362693,High,Low,0.7548617051272539
51ZQ1vr10ffzbwIjDCwqm4,we can't be friends (wait for your love),66CXWjxzNUsdJxJ2JdwvnR,2024,89,2024-03-08,0.646,0.645,3.04e-05,-8.334,115.842,0.295,Medium,Medium,Medium,Sad,0.190275,0.4930622542108779,Low,Low,0.5273624508421756
6fPan2saHdFaIHuTSatORv,L’AMOUR DE MA VIE,6qqNVTkY8uBg9cP3Jd7DAH,2024,87,2024-05-17,0.392,0.467,0.0174,-9.355,145.104,0.313,Low,Fast,Medium,Neutral,0.146171,0.4173035542034577,Low,Low,0.3998107108406916
3c9EsIo34kil8Oj1reaozB,American Nights,40ZNYROS4zLfyyBSs2PGe2,2024,80,2024-07-04,0.678,0.57,9.92e-06,-5.629,137.581,0.358,Medium,Medium,Medium,Neutral,0.2040599999999999,0.6937745789122209,High,Low,0.5687549157824443
57lsYy0OZLNb5OQ7fEa3Hs,Did It First (with Central Cee),3LZZPxNDGDFVSIPqf4JuEf,2024,87,2024-07-11,0.574,0.635,0.0,-7.453,153.938,0.592,Medium,Fast,Medium,Neutral,0.37592,0.5584328856570454,High,None,0.593686577131409
6NjWCIYu1W8xa3HIvcIhd4,Nasty,0NIIxcxNHmOoyBx03SfTCD,2024,85,2024-04-12,0.411,0.931,5.26e-06,-8.433,100.002,0.515,Low,Medium,High,Neutral,0.479465,0.4857164057282779,Low,Low,0.6079432811456557
2mWfVxEo4xZYDaz0v7hYrN,Juna,3l0CmX0FuQjFxr8SK7Vqag,2024,82,2024-07-12,0.714,0.606,0.098,-6.244,141.512,0.448,High,Fast,Medium,Neutral,0.271488,0.6481412777324331,High,Low,0.6019282555464865
1C84d9abZVKWHT2YYpoean,Si No Quieres No,0pePYDrJGk8gqMRbXrLJC8,2024,88,2024-03-10,0.786,0.786,2.12e-06,-6.372,100.123,0.611,High,Medium,High,Happy,0.480246,0.6386436150478594,High,Low,0.7127787230095719
2prqm9sPLj10B4Wg0wE5x9,BLUE,6qqNVTkY8uBg9cP3Jd7DAH,2024,87,2024-05-17,0.337,0.349,0.172,-10.671,142.01,0.0365,Low,Fast,Low,Sad,0.0127384999999999,0.3196557097276843,Low,Low,0.2620061419455368
73KAidtqbDftZjy8AD0H04,High Road (feat. Jessie Murph),1Tie3AZgLQZqYEp8Fv4zOZ,2024,80,2024-06-07,0.743,0.614,0.0,-5.046,138.077,0.623,High,Medium,Medium,Happy,0.382522,0.7370334644208651,High,None,0.6731066928841731
1b8Uy52q8fZUBTlRkoXoT5,Housekeeping Knows (feat. Latto),3TVXtAsR1Inumwj472S9r4,2024,72,2024-08-10,0.735,0.783,0.0,-5.78,76.964,0.319,High,Slow,High,Neutral,0.249777,0.6825703049640128,High,None,0.6349140609928026
7z3PblAN3dH1JMewiRydkZ,GIRLS,2tIP7SsRs7vjIcLrU85W8J,2024,84,2024-06-28,0.734,0.731,1.67e-06,-3.145,101.008,0.797,High,Medium,High,Happy,0.582607,0.8780885953847296,Very High,Low,0.7776677190769459
3Rfre3qkrhwdZZ7dyznwbN,Lonely Road (with Jelly Roll),6TIYQ3jFPwQSRmorSezPxX,2024,81,2024-07-26,0.679,0.549,0.0,-5.501,100.214,0.235,Medium,Medium,Medium,Sad,0.129015,0.7032722415967946,High,None,0.5338544483193589
5h68SoVFGleijCtjEja3xG,365,25uiPmTg16RbhZWAqwLBy5,2024,84,2024-06-07,0.856,0.761,0.503,-5.121,127.111,0.729,High,Medium,High,Happy,0.554769,0.7314684276916228,High,Medium,0.7708436855383246
32lSgbCqRcIOyUSnfuUZEQ,Who,1oSPZhvZMIrWW5I41kPkkY,2024,89,2024-07-23,0.757,0.66,0.0,-3.743,116.034,0.838,High,Medium,Medium,Happy,0.55308,0.8337167025302368,Very High,None,0.7634933405060473
4oPLjuY1WgGTL0Ja1doDOn,Magic Johnson,23hzc59PkIUau13dqXx5Ef,2024,80,2024-06-07,0.689,0.911,0.0,-6.176,140.034,0.546,Medium,Fast,High,Neutral,0.497406,0.6531869110336128,High,None,0.7126873822067226
1yqdD2ScjkqvaNBUzPQ4vR,Who,1oSPZhvZMIrWW5I41kPkkY,2024,88,2024-07-23,0.757,0.66,0.0,-3.743,116.034,0.838,High,Medium,Medium,Happy,0.55308,0.8337167025302368,Very High,None,0.7634933405060473
6TGd66r0nlPaYm3KIoI7ET,THE GREATEST,6qqNVTkY8uBg9cP3Jd7DAH,2024,85,2024-05-17,0.192,0.407,3.33e-06,-10.99,128.173,0.159,Low,Medium,Medium,Sad,0.0647129999999999,0.2959857535059731,Low,Low,0.2690471507011946
5wPnPIZS8wr4lPNLz4qvHK,Who,1oSPZhvZMIrWW5I41kPkkY,2024,88,2024-07-23,0.757,0.66,0.0,-3.743,116.034,0.838,High,Medium,Medium,Happy,0.55308,0.8337167025302368,Very High,None,0.7634933405060473
1vj47xD8v9wIhQrmQY2Dkv,Better Days (feat. John Mayer),40ZNYROS4zLfyyBSs2PGe2,2024,79,2024-07-04,0.564,0.562,0.0,-6.946,82.685,0.314,Medium,Slow,Medium,Neutral,0.176468,0.5960525339467241,High,None,0.5073105067893449
5Uptvz6j1sjDKxidAcnH2L,SI NO ES CONTIGO,1Yj5Xey7kTwvZla8sqdsdE,2024,89,2024-05-23,0.626,0.763,0.225,-5.637,100.02,0.78,Medium,Medium,High,Happy,0.59514,0.6931809749944351,High,Low,0.719036194998887
0Lmbke3KNVFXtoH2mMSHCw,the boy is mine,66CXWjxzNUsdJxJ2JdwvnR,2024,86,2024-03-08,0.63,0.795,0.0,-5.854,97.998,0.447,Medium,Slow,High,Neutral,0.355365,0.6770794687244936,High,None,0.6431658937448987
5In8B6Om5OKrhwBMB4tXSi,Fuel,7dGJo4pcD2V6oG8kP0tJRR,2024,82,2024-07-12,0.662,0.885,0.0,-5.139,137.981,0.117,Medium,Medium,High,Sad,0.103545,0.7301328188766046,High,None,0.606276563775321
5496lks6V3fh1mZAB6IAap,Alibi (with Pabllo Vittar & Yseult),5MraexJKZDrQYzS98kNwie,2024,93,2024-06-28,0.754,0.741,8.21e-06,-5.412,126.98,0.717,High,Medium,High,Happy,0.531297,0.7098760851821623,High,Low,0.7320252170364324
0UYnhUfnUj5adChuAXvLUB,Sailor Song,1iCnM8foFssWlPRLfAbIwo,2024,82,2024-07-26,0.416,0.492,8.61e-05,-10.439,94.926,0.297,Low,Slow,Medium,Sad,0.146124,0.3368702233434741,Low,Low,0.3932240446686948
331l3xABO0HMr1Kkyh2LZq,I Don't Wanna Wait,1Cs0zKBU1kc0i8ypK3B9ai,2024,91,2024-04-05,0.714,0.681,0.0,-4.617,129.976,0.554,High,Medium,Medium,Neutral,0.377274,0.7688654745121318,Very High,None,0.6750730949024265
61SRKyox0R9jCzci4JXKBS,What He'll Never Have,78YqeIji3mgAS2K1Maca6x,2024,80,2024-03-29,0.755,0.489,0.0,-4.471,113.05,0.384,High,Medium,Medium,Neutral,0.187776,0.7796987460117237,Very High,None,0.5873897492023448
2dono2Koz7DEvGwxUsmMLq,Linger - SiriusXM Session,5b5bt4mZQpJMoCRbiQ7diH,2024,81,2024-05-31,0.393,0.404,0.000443,-6.607,98.217,0.403,Low,Slow,Medium,Neutral,0.162812,0.6212064999628998,High,Low,0.44444129999258
2aYZaN5SmkRDLsrrV8GkBQ,LA PATRULLA,12GqGscKJx3aE4t07u7eVZ,2024,86,2024-06-20,0.74,0.722,3.27e-05,-7.22,132.731,0.893,High,Medium,High,Happy,0.644746,0.5757215997625585,High,Low,0.7399943199525116
2a8VqAP1doFm8tPuj9Sl5e,It's Up (feat. Young Thug & 21 Savage),3TVXtAsR1Inumwj472S9r4,2024,55,2024-08-10,0.714,0.791,0.0,-4.908,139.933,0.32,High,Medium,High,Neutral,0.25312,0.7472731320026713,High,None,0.6452546264005343
61oMtVkdawT44CnEUYnd9Q,Blue Green Red,3TVXtAsR1Inumwj472S9r4,2024,48,2024-08-10,0.689,0.783,0.00325,-4.858,129.967,0.852,Medium,Medium,High,Happy,0.667116,0.750983156488833,Very High,Low,0.7703466312977666
3A4QdG26Z0vcJ5iIQ2oNFQ,Housekeeping Knows (feat. Latto),3TVXtAsR1Inumwj472S9r4,2024,43,2024-08-10,0.709,0.771,0.0,-5.803,76.951,0.371,High,Slow,High,Neutral,0.286041,0.6808636937003785,High,None,0.6374727387400757
47Xj8eIAp7hYOOqArmkqZE,Spin You Around (1/24),4oUHIQIBe0LHzYfvXNW4QM,2024,78,2024-01-26,0.444,0.622,0.0,-6.06,141.952,0.603,Medium,Fast,Medium,Happy,0.375066,0.6617941678415078,High,None,0.5807088335683015
6tWGe6nvXFWT0KhGCXM89q,Devil You Know,63wjVVauFUQ4gBw6QXTT5N,2024,79,2024-02-02,0.8,0.52,0.0,-4.256,93.155,0.538,High,Slow,Medium,Neutral,0.27976,0.7956518513022186,Very High,None,0.6496303702604438
07oO1U722crtVcavi6frX6,"Double Life - From ""Despicable Me 4""",2RdwBSPQiwcmiDo9kixcl8,2024,83,2024-06-14,0.652,0.851,0.0,-4.333,119.944,0.696,Medium,Medium,High,Happy,0.5922959999999999,0.7899384135935298,Very High,None,0.750287682718706
7HUhMOrlvwBPfBq3c0ajh0,JOYRIDE,6LqNN22kT3074XbTVUrhzX,2024,81,2024-07-04,0.898,0.788,0.000123,-4.653,115.96,0.496,High,Medium,High,Neutral,0.390848,0.7661942568820955,Very High,Low,0.7381388513764191
76ODTQOl0JZQbhfxs6nRV9,I Am Not Okay,19k8AgwwTSxeaxkOuCQEJs,2024,78,2024-06-12,0.672,0.512,0.0,-5.298,76.821,0.393,Medium,Slow,Medium,Neutral,0.201216,0.7183349410106108,High,None,0.5635169882021221
5A8xI7PN4WDe9e61xEdt94,Yeah Glo!,2qoQgPAilErOKCwE2Y8wOG,2024,79,2024-04-05,0.66,0.894,0.0,-5.349,148.072,0.181,Medium,Fast,High,Sad,0.1618139999999999,0.7145507160347259,High,None,0.6213601432069452
0hhzNPE68LWLfgZwdpxVdR,us. (feat. Taylor Swift),4tuJ0bMpJh08umKkEXKUI5,2024,83,2024-06-21,0.553,0.533,0.0,-6.486,102.043,0.391,Medium,Medium,Medium,Neutral,0.208403,0.630184759219411,High,None,0.5219369518438822
3Y1EvIgEVw51XtgNEgpz5c,Von dutch,25uiPmTg16RbhZWAqwLBy5,2024,82,2024-06-07,0.698,0.706,0.00375,-5.679,130.013,0.648,Medium,Medium,High,Happy,0.457488,0.6900645544260593,High,Low,0.6863129108852118
1kMWJ16W3Yk3hyNmaM7jfQ,Holy Smokes,3win9vGIxFfBRag9S63wwf,2024,77,2024-02-23,0.569,0.462,0.0,-7.908,95.117,0.432,Medium,Slow,Medium,Neutral,0.199584,0.5246716628329747,High,None,0.4937843325665949
3SAga35lAPYdjj3qyfEsCF,Feel It - From The Original Series “Invincible”,5y8tKLUfMvliMe8IKamR32,2024,82,2024-03-28,0.593,0.565,0.0,-5.864,120.509,0.429,Medium,Medium,Medium,Neutral,0.2423849999999999,0.6763374638272613,High,None,0.5602674927654523
7Mg5CBO37Rifk2RyDJ8fzd,Boogieman,7iKgSlIINjat3bsCYiNMYX,2024,78,2024-04-24,0.546,0.759,0.0,-8.159,90.059,0.651,Medium,Slow,High,Happy,0.494109,0.5060473399124434,High,None,0.6281594679824887
7hRLuo4QnzCsjICXUOhTE6,WHISKEY WHISKEY (feat. Morgan Wallen),3tJoFztHeIJkJWMrx0td2f,2024,77,2024-06-14,0.71,0.738,0.0,-3.778,151.985,0.722,High,Fast,High,Happy,0.532836,0.8311196853899236,Very High,None,0.7456239370779847
4OssqCixV2Xsxd43wMIQyS,CARNIVAL,4xPQFgDA5M2xa0ZGo5iIsv,2024,83,2024-02-09,0.811,0.594,0.0,-5.746,148.144,0.311,High,Fast,Medium,Neutral,0.1847339999999999,0.6850931216146027,High,None,0.5957186243229206
4IFd7EVCyJsUHesBMXI8ju,Parking Lot,0YinUQ50QDB7ZxSCLyQ40k,2024,81,2024-06-21,0.555,0.724,2.61e-05,-7.2,100.047,0.408,Medium,Medium,High,Neutral,0.295392,0.5772056095570232,High,Low,0.5733911219114046
1CsMKhwEmNnmvHUuO5nryA,SKINNY,6qqNVTkY8uBg9cP3Jd7DAH,2024,83,2024-05-17,0.252,0.251,0.00706,-14.478,69.988,0.0395,Low,Slow,Low,Sad,0.0099145,0.0371744453513394,Very Low,Low,0.1556098890702678
55u5QIlEuzCipJBtZPdJio,Renaissance,7dGJo4pcD2V6oG8kP0tJRR,2024,82,2024-07-12,0.901,0.562,0.0,-4.166,199.226,0.241,High,Fast,Medium,Sad,0.135442,0.8023298953773095,Very High,None,0.614565979075462
4HMUrFl8y6rQCzEbaGEkcj,Somebody Save Me,7dGJo4pcD2V6oG8kP0tJRR,2024,81,2024-07-12,0.657,0.577,3.2e-06,-6.486,180.727,0.437,Medium,Fast,Medium,Neutral,0.2521489999999999,0.630184759219411,High,Low,0.5726369518438822
3FqUPvubYeRCMsdJ02QyZR,TÚ NAME,0ys2OFYzWYB5hRDLCsBqxt,2024,84,2024-02-09,0.747,0.76,2.73e-06,-5.083,128.912,0.884,High,Medium,High,Happy,0.67184,0.7342880463011057,High,Low,0.7826076092602211
7I3RalBqE7ZE0RSxgGlGlm,Habits,7dGJo4pcD2V6oG8kP0tJRR,2024,82,2024-07-12,0.878,0.824,0.0,-5.02,100.005,0.645,High,Medium,High,Happy,0.53148,0.7389626771536693,High,None,0.7757425354307339
1ACA277B6f46DYCgZW8di3,if u think i'm pretty,0PCCGZ0wGLizHt2KZ7hhA2,2024,84,2024-02-09,0.622,0.535,0.0209,-5.771,143.533,0.457,Medium,Fast,Medium,Neutral,0.244495,0.6832381093715219,High,Low,0.5668976218743044
6vvPecFTmWxDfEJ6cYT1wa,Rockstar,5L1lO4eRHmJ7a0Q6csE5cT,2024,92,2024-06-27,0.628,0.668,0.0,-4.692,140.053,0.568,Medium,Fast,Medium,Neutral,0.379424,0.7633004377828894,Very High,None,0.6520600875565778
1LLUoftvmTjVNBHZoQyveF,THE DINER,6qqNVTkY8uBg9cP3Jd7DAH,2024,83,2024-05-17,0.386,0.857,0.0931,-9.761,125.017,0.661,Low,Medium,High,Happy,0.566477,0.3871781553758255,Low,Low,0.5962856310751652
7mOC6phfrfz3jfigg1aGsE,Wanna Be (with Megan Thee Stallion),2qoQgPAilErOKCwE2Y8wOG,2024,78,2024-04-05,0.629,0.919,0.0,-5.17,135.05,0.407,Medium,Medium,High,Neutral,0.374033,0.7278326036951845,High,None,0.6802665207390368
1CDQzbCz4KSQxHe7LMEgRM,Houdini,7dGJo4pcD2V6oG8kP0tJRR,2024,84,2024-07-12,0.878,0.936,2.31e-06,-2.798,126.992,0.902,High,Medium,High,Happy,0.844272,0.9038361653186912,Very High,Low,0.9065672330637382
09keT5ocFhEd5W5HidiUNq,Chk Chk Boom,2dIgFjalVxs4ThymZ67YCE,2024,87,2024-07-19,0.74,0.925,0.0,-2.698,101.994,0.844,High,Medium,High,Happy,0.7807000000000001,0.9112562142910144,Very High,None,0.8557512428582028
0YThXX1dqUpYBLyJNAsF9N,If We Being Rëal,3qiHUAX7zY4Qnjx8TNUzVx,2024,84,2024-02-16,0.499,0.457,6.34e-05,-6.67,127.95,0.0348,Medium,Medium,Medium,Sad,0.0159036,0.6165318691103362,High,Low,0.3938563738220673
0LZy30mVmxqUpdQmaXKXBd,ADIVINO,7iK8PXO48WeuP03g8YR51W,2024,88,2024-04-25,0.854,0.786,2.39e-05,-2.4,117.994,0.522,High,Medium,High,Neutral,0.410292,0.9333679602285376,Very High,Low,0.7664735920457076
68mOSKT4uBkKddEAhlMO61,Home,52N3KGrTWDRhdQJrgBTofE,2024,82,2024-01-17,0.673,0.584,0.0614,-4.444,77.002,0.138,Medium,Slow,Medium,Sad,0.080592,0.781702159234251,Very High,Low,0.5342904318468502
0QpiyJbgWUjyAQNqjIA5tO,Hate Me,6icQOAFXDZKsumw3YXyusw,2024,78,2024-07-26,0.625,0.638,0.732,-6.909,140.047,0.105,Medium,Fast,Medium,Sad,0.06699,0.5987979520664837,High,High,0.4936595904132967
2YFhqZvhTpyK13gKXMKV7R,"Girl, so confusing featuring lorde",25uiPmTg16RbhZWAqwLBy5,2024,82,2024-06-21,0.823,0.692,0.00802,-7.209,124.964,0.458,High,Medium,Medium,Neutral,0.316936,0.576537805149514,High,Low,0.6431575610299028
4jIy1KWDGEptJGq94tqB5Y,The Way Back,40ZNYROS4zLfyyBSs2PGe2,2024,77,2024-07-04,0.492,0.543,0.000163,-8.313,79.886,0.178,Medium,Slow,Medium,Sad,0.096654,0.4946204644950657,Low,Low,0.4293240928990132
4uzKAj0mIyYmyhsRRyPXaQ,Carry You Home,0fTSzq9jAh4c36UVb4V7CB,2024,84,2024-05-31,0.66,0.525,3.3e-06,-7.094,123.787,0.458,Medium,Medium,Medium,Neutral,0.24045,0.5850708614676857,High,Low,0.5540141722935371
36wAwEkSDpNQ4oQeRLYC3L,Am I Okay?,5Ppie0uPnbnvGBYRwYmlt0,2024,76,2024-07-12,0.734,0.593,0.0,-5.416,125.937,0.518,High,Medium,Medium,Neutral,0.307174,0.7095792832232692,High,None,0.6328158566446538
22yRHdYBLZMi7xnvBioqkP,SLUT ME OUT 2,0ErzCpIMyLcjPiwT4elrtZ,2024,79,2024-04-12,0.624,0.718,0.0,-6.666,127.929,0.456,Medium,Medium,High,Neutral,0.327408,0.6168286710692291,High,None,0.6087657342138457
6tNgRQ0K2NYZ0Rb9l9DzL8,obsessed,1McMsnEElThX1knmY4oliG,2024,81,2024-03-22,0.581,0.68,1.07e-06,-5.166,119.974,0.63,Medium,Medium,Medium,Happy,0.4284,0.7281294056540774,High,Low,0.6523758811308156
0hKtu53OlIFXVuYkZwcn3o,Cinderella,1RyvyyTE3xzB2ZywiAwp0i,2024,80,2024-03-22,0.412,0.876,0.0,-7.74,130.052,0.15,Low,Medium,High,Sad,0.1314,0.5371373451064777,High,None,0.5107274690212955
26QJuQfM8PVAWkIm1JRyqq,ss,3gBZUcNeVumkeeJ19CY2sX,2024,78,2024-07-05,0.662,0.501,6.64e-05,-7.161,137.625,0.0348,Medium,Medium,Medium,Sad,0.0174348,0.5800994286562292,High,Low,0.4405198857312458
3XbIhTYl6a0uXPyO43eiXa,Oak Island,40ZNYROS4zLfyyBSs2PGe2,2024,76,2024-07-04,0.628,0.351,0.00656,-6.498,170.264,0.387,Medium,Fast,Low,Neutral,0.1358369999999999,0.6292943533427321,High,Low,0.4849088706685464
77pfjsq0gSZwO8bYVTVROo,Brand New Dance,7dGJo4pcD2V6oG8kP0tJRR,2024,81,2024-07-12,0.705,0.808,0.0,-5.332,119.977,0.656,High,Medium,High,Happy,0.5300480000000001,0.7158121243600208,High,None,0.7258124248720041
1BJJbSX6muJVF2AK7uH1x4,Move,2loEsOijJ6XiGzWYFXMIRk,2024,91,2024-06-07,0.782,0.727,0.336,-8.529,119.992,0.655,High,Medium,High,Happy,0.476185,0.4785931587148475,Low,Medium,0.6730686317429695
2MjXWroB9wlTG2kqv3avfS,Get It Sexyy,3DbwFQlvLxRSi2uX8mf81A,2024,77,2024-03-15,0.64,0.811,0.0,-5.63,145.031,0.527,Medium,Fast,High,Neutral,0.427397,0.6937003784224977,High,None,0.6737900756844996
46kspZSY3aKmwQe7O77fCC,we can't be friends (wait for your love),66CXWjxzNUsdJxJ2JdwvnR,2024,84,2024-03-08,0.646,0.645,3.04e-05,-8.334,115.842,0.295,Medium,Medium,Medium,Sad,0.190275,0.4930622542108779,Low,Low,0.5273624508421756
1aKvZDoLGkNMxoRYgkckZG,Magnetic,36cgvBn0aadzOijnjjwqMN,2024,87,2024-03-25,0.668,0.797,0.0,-5.819,131.067,0.69,Medium,Medium,High,Happy,0.54993,0.6796764858648068,High,None,0.7145352971729614
2F3N9tdombb64aW6VtZOdo,Down Bad,06HL4z0CvFAxyc27GXpf02,2024,81,2024-04-18,0.366,0.541,1e-06,-10.412,159.707,0.168,Low,Fast,Medium,Sad,0.090888,0.3388736365660013,Low,Low,0.3635747273132003
1vJCkmbu3YzIe6NjXS9BXX,Wine Into Whiskey,4sCKpwwEsgReZxjtKFm2A0,2024,76,2024-02-23,0.699,0.712,0.00271,-5.251,149.949,0.3,Medium,Fast,High,Neutral,0.2135999999999999,0.7218223640276027,High,Low,0.6077144728055205
0gZGUAO42F1HmzZWHNPGAu,Risk,4tuJ0bMpJh08umKkEXKUI5,2024,80,2024-06-21,0.496,0.716,0.0,-5.989,113.015,0.559,Medium,Medium,High,Neutral,0.400244,0.6670624026118572,High,None,0.6119624805223715
2fPvQfGQEZOKtJ9qXeL4x8,I Can Do It With a Broken Heart,06HL4z0CvFAxyc27GXpf02,2024,81,2024-04-19,0.751,0.701,0.0,-8.39,129.994,0.22,High,Medium,High,Sad,0.15422,0.4889070267863767,Low,None,0.5508314053572754
0PBTlQ84CBJF0tBnKGmQa6,FRI(END)S,3JsHnjpbhX4SnySpvpa9DK,2024,89,2024-03-15,0.601,0.466,0.0,-4.468,53.376,0.627,Medium,Slow,Medium,Happy,0.292182,0.7799213474808935,Very High,None,0.6027842694961787
3JzVK0f8gqAAjyEDyXAys4,Sandpaper (feat. Bruce Springsteen),40ZNYROS4zLfyyBSs2PGe2,2024,76,2024-07-04,0.526,0.518,0.000168,-8.467,86.845,0.195,Medium,Slow,Medium,Sad,0.10101,0.4831935890776879,Low,Low,0.4322887178155377
6saYisCUAZXc505blie9kZ,Otaku Hot Girl,181bsRPaVXVlUKXrxwZfHK,2024,77,2024-06-28,0.756,0.757,0.0,-3.198,157.989,0.505,High,Fast,High,Neutral,0.382285,0.8741559694293983,Very High,None,0.7171811938858796
2M8IvrzqvNMAJsAx7UYwXK,Bass Boat,40ZNYROS4zLfyyBSs2PGe2,2024,76,2024-07-04,0.192,0.527,0.00157,-14.979,81.73,0.18,Low,Slow,Medium,Sad,0.09486,0.0,Very Low,Low,0.2511
7Mts0OfPorF4iwOomvfqn1,So High School,06HL4z0CvFAxyc27GXpf02,2024,81,2024-04-19,0.866,0.366,3.07e-06,-4.514,176.07,0.293,High,Fast,Low,Sad,0.1072379999999999,0.7765081249536248,Very High,Low,0.5548516249907249
799KrpEbhZp0MHeiA8YK9P,Guilty as Sin?,06HL4z0CvFAxyc27GXpf02,2024,81,2024-04-19,0.428,0.626,0.0,-8.374,94.95,0.487,Low,Slow,Medium,Neutral,0.3048619999999999,0.4900942346219485,Low,None,0.5145688469243896
5AH31dDNgxCMGDdxubNNn4,NEL,0ys2OFYzWYB5hRDLCsBqxt,2024,83,2024-07-25,0.482,0.69,0.0004,-6.335,100.029,0.356,Medium,Medium,Medium,Neutral,0.2456399999999999,0.641389033167619,High,Low,0.5447778066335238
6EUcP55GlbmsmCzfL2vxtZ,on one tonight,2hlmm7s2ICUX0LVIhVFlZQ,2024,79,2024-05-10,0.727,0.887,1.16e-06,-4.318,130.035,0.932,High,Medium,High,Happy,0.8266840000000001,0.7910514209393783,Very High,Low,0.8390602841878756
1kcwpPDQnqEqmezzXdJTCP,imgonnagetyouback,06HL4z0CvFAxyc27GXpf02,2024,80,2024-04-19,0.391,0.784,0.0,-9.471,110.007,0.15,Low,Medium,High,Sad,0.1176,0.4086962973955629,Low,None,0.4521892594791125
7DpUoxGSdlDHfqCYj0otzU,BITTERSUITE,6qqNVTkY8uBg9cP3Jd7DAH,2024,82,2024-05-17,0.254,0.521,0.884,-14.409,125.021,0.153,Low,Medium,Medium,Sad,0.079713,0.0422942791422422,Very Low,High,0.2665088558284484
1kbEbBdEgQdQeLXCJh28pJ,Down Bad,06HL4z0CvFAxyc27GXpf02,2024,80,2024-04-19,0.366,0.541,1e-06,-10.412,159.707,0.168,Low,Fast,Medium,Sad,0.090888,0.3388736365660013,Low,Low,0.3635747273132003
0FlwhvrncUKrEAhzunmCKm,Forever,2RQXRUsr4IW1f3mKyKsy4B,2024,77,2024-02-09,0.256,0.394,0.0,-10.944,94.367,0.215,Low,Slow,Low,Sad,0.08471,0.2993989760332418,Low,None,0.2958297952066483
5c9tBmJKbTdn1vhzXHeAwW,Sympathy is a knife,25uiPmTg16RbhZWAqwLBy5,2024,79,2024-06-07,0.706,0.718,0.0,-5.596,131.943,0.58,High,Medium,High,Neutral,0.41644,0.6962231950730875,High,None,0.6761446390146174
2hKYtHbwYOSjvYQhVdUpdQ,TGIF,2qoQgPAilErOKCwE2Y8wOG,2024,80,2024-06-21,0.526,0.891,3.04e-05,-6.52,140.06,0.203,Medium,Fast,High,Sad,0.180873,0.627661942568821,High,Low,0.5750823885137643
6O3WfmAQIgnLBGVzZJVS40,Talk My Shit,23xFbA9rYgRX8mreqysWPc,2024,75,2024-03-15,0.463,0.614,0.0,-7.052,112.789,0.252,Medium,Medium,Medium,Sad,0.154728,0.5881872820360615,High,None,0.4805874564072123
41EOhpn50qvd8iZSKw531W,LOS CUADROS,12GqGscKJx3aE4t07u7eVZ,2024,78,2024-08-08,0.539,0.782,0.0,-10.68,122.149,0.939,Medium,Medium,High,Happy,0.734298,0.3189879053201752,Low,None,0.667897581064035
4S8PxReB1UiDR2F5x1lyIR,meet the grahams,2YZyLoL8N0Wb9xBt1NhZWg,2024,79,2024-05-03,0.802,0.479,0.00045,-6.252,74.98,0.602,High,Slow,Medium,Happy,0.288358,0.6475476738146473,High,Low,0.6242095347629295
3eh51r6rFWAlGQRlHx9QnQ,Push Ups,3TVXtAsR1Inumwj472S9r4,2024,79,2024-04-19,0.696,0.598,0.0,-4.789,91.057,0.209,Medium,Slow,Medium,Sad,0.124982,0.7561029902797359,Very High,None,0.5568705980559472
2OcpUR9GG6jOv6OXhFrUda,The Great American Bar Scene,40ZNYROS4zLfyyBSs2PGe2,2024,75,2024-07-04,0.405,0.392,0.0988,-9.279,141.192,0.279,Low,Fast,Low,Sad,0.109368,0.4229427914224234,Low,Low,0.3731885582844846
6dODwocEuGzHAavXqTbwHv,Fortnight (feat. Post Malone),06HL4z0CvFAxyc27GXpf02,2024,80,2024-04-19,0.386,0.504,1.53e-05,-10.976,192.004,0.281,Low,Fast,Medium,Sad,0.141624,0.2970245603620983,Low,Low,0.3773549120724196
1t2MQpMDtJT5VL2tAPHrGN,Cowboys Cry Too (with Noah Kahan),3RqBeV12Tt7A8xH3zBDDUF,2024,76,2024-06-28,0.603,0.442,0.0,-5.719,86.494,0.456,Medium,Slow,Medium,Neutral,0.201552,0.68709653483713,High,None,0.534769306967426
21LCotDEwR7R8qOnqPVzi9,Evil,7dGJo4pcD2V6oG8kP0tJRR,2024,80,2024-07-12,0.829,0.823,0.0,-5.524,80.538,0.6,High,Slow,High,Happy,0.4937999999999999,0.7015656303331603,High,None,0.744463126066632
63pLfjK6FvcYJYMGwtHjd6,SORRY 4 THAT MUCH,2LRoIwlKmHjgvigdNGBHNo,2024,88,2024-06-07,0.675,0.819,0.0,-4.281,92.99,0.602,Medium,Slow,High,Happy,0.493038,0.7937968390591379,Very High,None,0.7237093678118276
1osfLqL6L2iQsirRf83ded,Worst Way,2QMsj4XJ7ne2hojxt6v5eb,2024,75,2024-04-12,0.492,0.366,0.000994,-7.9,197.768,0.349,Medium,Fast,Low,Neutral,0.127734,0.5252652667507606,High,Low,0.4251030533501521
3h76tbaYIamSeJL81X7ZwI,Cry,22wbnEMDvgVIAGdFeek6ET,2024,80,2024-04-05,0.48,0.711,1.55e-05,-5.251,107.948,0.352,Medium,Medium,High,Neutral,0.250272,0.7218223640276027,High,Low,0.5656644728055206
4KWeGKChLKcnZsj3sIOSkW,Tobey (feat. Big Sean and BabyTron),7dGJo4pcD2V6oG8kP0tJRR,2024,79,2024-07-02,0.663,0.649,0.0,-9.059,139.023,0.208,Medium,Medium,Medium,Sad,0.134992,0.4392668991615346,Low,None,0.500303379832307
4JfpJrrGNXRj2yXm1fYV23,Lithonia,73sIBHcqh3Z3NyqHKZ7FOL,2024,76,2024-07-02,0.383,0.415,0.0,-7.629,140.102,0.172,Low,Fast,Medium,Sad,0.0713799999999999,0.5453735994657566,High,None,0.3723247198931513
0CySZwyRJ0vyUqtSjM9i2k,Club classics,25uiPmTg16RbhZWAqwLBy5,2024,79,2024-06-07,0.868,0.704,4.4e-05,-6.022,144.969,0.712,High,Fast,High,Happy,0.5012479999999999,0.6646137864509907,High,Low,0.7391227572901982
2d8UxVNhJinc8uat9PoM9y,Who’s Afraid of Little Old Me?,06HL4z0CvFAxyc27GXpf02,2024,80,2024-04-19,0.338,0.606,0.0,-10.555,119.88,0.238,Low,Medium,Medium,Sad,0.144228,0.3282629665355792,Low,None,0.3914525933071158
0HGItm7Ox9AnHZbx26nkE4,HEAT STICK,4tYSBptyGeVyZsk8JC4JHZ,2024,75,2024-05-10,0.461,0.942,9.54e-06,-8.233,105.025,0.281,Medium,Medium,High,Sad,0.264702,0.5005565036729243,High,Low,0.5682113007345848
1kPhV0KQui1phEpjnWIqUN,Smeraldo Garden Marching Band (feat. Loco),1oSPZhvZMIrWW5I41kPkkY,2024,86,2024-06-28,0.915,0.79,0.0,-2.251,97.47,0.726,High,Slow,High,Happy,0.57354,0.9444238331972992,Very High,None,0.8361347666394598
1wFFFzJ5EsKbBWZriAcubN,Family Matters,3TVXtAsR1Inumwj472S9r4,2024,78,2024-05-03,0.492,0.527,0.0,-9.774,164.005,0.234,Medium,Fast,Medium,Sad,0.123318,0.3862135490094236,Low,None,0.4168427098018847
1xtw1krCR6Dw2KwkXw5z63,The Smallest Man Who Ever Lived,06HL4z0CvFAxyc27GXpf02,2024,80,2024-04-19,0.41,0.426,0.0,-9.083,142.377,0.263,Low,Fast,Medium,Sad,0.112038,0.4374860874081769,Low,None,0.3835472174816354
1ymWIr4E5x6xORlDO0bXlP,Tobey (feat. Big Sean and BabyTron),7dGJo4pcD2V6oG8kP0tJRR,2024,79,2024-07-12,0.66,0.667,0.0,-9.054,139.117,0.216,Medium,Medium,Medium,Sad,0.144072,0.4396379016101507,Low,None,0.5070275803220301
59151GHN7yr5g9B3bqlGdR,Trouble,7dGJo4pcD2V6oG8kP0tJRR,2024,79,2024-07-12,0.85,0.706,0.0,-3.308,82.652,0.72,High,Slow,High,Happy,0.50832,0.8659939155598428,Very High,None,0.7774987831119686
0dEAiKNbHt4mrjjoiL0loc,Corazón de Piedra,3Me35AWHCGqW4sZ7bWWJt1,2024,83,2024-03-21,0.763,0.834,2.33e-06,-5.475,134.844,0.633,High,Medium,High,Happy,0.527922,0.7052014543295987,High,Low,0.7402402908659197
18WFFUIsewmA8g31KAeo3e,The Prophecy,06HL4z0CvFAxyc27GXpf02,2024,80,2024-04-19,0.525,0.421,2.67e-06,-10.359,167.927,0.535,Medium,Fast,Medium,Neutral,0.225235,0.3428062625213327,Low,Low,0.4598612525042665
5LhI8m7n8xlQmNe3b7Rwis,Madonna,0elWFr7TW8piilVRYJUe4P,2024,87,2024-03-08,0.873,0.732,0.000803,-5.965,128.029,0.662,High,Medium,High,Happy,0.484584,0.6688432143652149,High,Low,0.737118642873043
3uC4r2daXertBxxc8BpbbN,Lithonia,73sIBHcqh3Z3NyqHKZ7FOL,2024,76,2024-07-19,0.377,0.412,1.58e-06,-7.59,139.676,0.172,Low,Medium,Medium,Sad,0.070864,0.5482674185649626,High,Low,0.3705034837129925
50No7LiVffAJCWIChZodmU,Lucifer,7dGJo4pcD2V6oG8kP0tJRR,2024,79,2024-07-12,0.808,0.665,0.0,-3.983,79.144,0.557,High,Slow,Medium,Neutral,0.370405,0.815908584996661,Very High,None,0.7039317169993322
727x6SZXGF0LfU2vi3rjaH,Darlin',7HTLVyjNf0VRxfIgNcfRRH,2024,75,2024-02-16,0.606,0.798,0.0,-6.28,120.063,0.895,Medium,Medium,High,Happy,0.71421,0.6454700601023967,High,None,0.7437440120204794
0SdBkFh6u5IHIXqlBu0NyI,Yeah Glo!,2qoQgPAilErOKCwE2Y8wOG,2024,76,2024-02-09,0.66,0.894,0.0,-5.349,148.072,0.181,Medium,Fast,High,Sad,0.1618139999999999,0.7145507160347259,High,None,0.6213601432069452
2btNsI4OvcVl7SAHQQDHFB,Mirame,1TA5sGRlKUJXBN4ZyJuDIX,2024,88,2024-04-17,0.656,0.717,2.96e-05,-4.449,175.956,0.695,Medium,Fast,High,Happy,0.4983149999999999,0.7813311567856349,Very High,Low,0.709116231357127
2x2olWuWXpqjoeE4bO1NFS,Never Lose Me,08PvCOlef4xdOr20jFSTPd,2024,78,2024-03-15,0.569,0.781,0.0,-7.858,121.971,0.0739,Medium,Medium,High,Sad,0.0577158999999999,0.5283816873191364,High,None,0.5007013374638273
3DnsQ5O4uJw3MlYgvBJSCq,Maxed Out,1iP8yKbscxGv4Yzysz7XLr,2024,75,2024-04-19,0.374,0.685,8.43e-06,-10.778,145.915,0.364,Low,Fast,Medium,Neutral,0.24934,0.3117162573272983,Low,Low,0.4523432514654597
1TgStpMGTflN84asKJ8VU3,U My Everything (feat. Drake),3DbwFQlvLxRSi2uX8mf81A,2024,76,2024-05-24,0.796,0.624,0.0,-5.413,145.212,0.704,High,Fast,Medium,Happy,0.4392959999999999,0.709801884692439,High,None,0.7041603769384879
4cfJwDxcinpg5gYUZ4qysj,Relapse,7kplJl06UmldxLKseURAYi,2024,75,2024-06-07,0.752,0.566,0.0,-4.102,140.953,0.395,High,Fast,Medium,Neutral,0.22357,0.8070787267195965,Very High,None,0.6179657453439193
1zUqoSVqUE2O5x3MJ0mHz9,Thorns,1VPmR4DJC1PlOtd0IADAO0,2024,76,2024-06-14,0.695,0.83,6.22e-05,-4.483,159.946,0.37,Medium,Fast,High,Neutral,0.3071,0.778808340135045,Very High,Low,0.671011668027009
4QMgEffJQuKtjCNvqfRZ0m,But Daddy I Love Him,06HL4z0CvFAxyc27GXpf02,2024,79,2024-04-19,0.72,0.521,0.0,-7.684,79.943,0.438,High,Slow,Medium,Neutral,0.228198,0.5412925725309787,High,None,0.5540585145061957
2ObBVRY8a2lnAkNG62u9eC,Beautiful As You,6x2LnllRG5uGarZMsD4iO8,2024,75,2024-05-10,0.725,0.722,0.0,-4.41,128.007,0.468,High,Medium,High,Neutral,0.337896,0.784224975884841,Very High,None,0.6716949951769682
1d966178PJg6b4kcXqoYF3,The Thin Grey Line,1VPmR4DJC1PlOtd0IADAO0,2024,75,2024-06-14,0.806,0.761,1.66e-05,-4.926,142.908,0.381,High,Fast,High,Neutral,0.289941,0.745937523187653,High,Low,0.6742375046375306
7wAkQFShJ27V8362MqevQr,"So Long, London",06HL4z0CvFAxyc27GXpf02,2024,79,2024-04-19,0.533,0.423,0.00264,-11.388,160.218,0.248,Medium,Fast,Medium,Sad,0.104904,0.2664539585961267,Low,Low,0.3754407917192253
2PgjJ90q1zETqCX68dxgyd,Sweet Dreams,1Tie3AZgLQZqYEp8Fv4zOZ,2024,73,2024-05-17,0.57,0.71,0.000306,-4.99,75.036,0.486,Medium,Slow,High,Neutral,0.34506,0.7411886918453663,High,Low,0.6252377383690733
62fqMvguJbsSs9HKhhRfuS,Talk talk,25uiPmTg16RbhZWAqwLBy5,2024,79,2024-06-07,0.892,0.579,0.0,-5.636,130.146,0.639,High,Medium,Medium,Happy,0.369981,0.6932551754841583,High,None,0.6951010350968316
7uGYWMwRy24dm7RUDDhUlD,My Boy Only Breaks His Favorite Toys,06HL4z0CvFAxyc27GXpf02,2024,79,2024-04-19,0.563,0.596,0.0,-7.362,97.073,0.481,Medium,Slow,Medium,Neutral,0.286676,0.5651851302218596,High,None,0.5528370260443719
62E2nR0od0M5HYxuYLaDz7,The Black Dog,06HL4z0CvFAxyc27GXpf02,2024,78,2024-04-19,0.27,0.527,0.0,-10.855,154.042,0.23,Low,Fast,Medium,Sad,0.12121,0.3060028196186095,Low,None,0.3443005639237219
5Bedn0svl0ZD7RGmJkmKKw,How Did It End?,06HL4z0CvFAxyc27GXpf02,2024,79,2024-04-19,0.379,0.492,0.00093,-8.859,83.993,0.273,Low,Slow,Medium,Sad,0.134316,0.4541069971061809,Low,Low,0.4014213994212361
0DIcssPpatAMqFXLZCxZMN,Antichrist,7dGJo4pcD2V6oG8kP0tJRR,2024,79,2024-07-12,0.887,0.867,1.52e-06,-3.198,98.558,0.57,High,Slow,High,Neutral,0.4941899999999999,0.8741559694293983,Very High,Low,0.7991811938858796
5Jh1i0no3vJ9u4deXkb4aV,so american,1McMsnEElThX1knmY4oliG,2024,78,2024-03-22,0.947,0.435,0.0,-1.896,93.278,0.503,High,Slow,Medium,Neutral,0.218805,0.9707650070490466,Very High,None,0.6871530014098093
6iXgIXqpqn13pbw0ZUhf0E,Purple Gas,40ZNYROS4zLfyyBSs2PGe2,2024,74,2024-07-04,0.308,0.52,0.0,-8.924,143.928,0.493,Low,Fast,Medium,Neutral,0.25636,0.4492839652741709,Low,None,0.4461067930548341
5NAOhPAZ57eFAXr3qatS6i,Breathe,3qiHUAX7zY4Qnjx8TNUzVx,2024,77,2024-02-16,0.546,0.76,0.924,-13.092,118.051,0.113,Medium,Medium,High,Sad,0.08588,0.1400163241077391,Very Low,High,0.4207532648215478
7sTyAjxDXq9afwfSQy6D0s,BANDIT,4Gso3d4CscCijv0lmajZWs,2024,77,2024-02-01,0.733,0.686,0.0,-5.268,130.095,0.141,High,Medium,Medium,Sad,0.0967259999999999,0.7205609557023077,High,None,0.5684121911404616
36t6frENUtCYKuZus6aYDO,Who’s Afraid of Little Old Me?,06HL4z0CvFAxyc27GXpf02,2024,79,2024-04-18,0.338,0.606,0.0,-10.555,119.88,0.238,Low,Medium,Medium,Sad,0.144228,0.3282629665355792,Low,None,0.3914525933071158
5bi0gh89wRuH2OgjdAKFsb,Santa,1fctva4kpRbg2k3v7kwRuS,2024,87,2024-04-04,0.709,0.725,0.000189,-5.017,99.993,0.648,High,Slow,High,Happy,0.4698,0.739185278622839,High,Low,0.7045870557245678
5ZUIPLoTLJZrPQh2kFZEUM,Addicted,6mDl7lQiLxT0iQ8LYhAlWy,2024,84,2024-03-29,0.741,0.771,0.000163,-7.132,120.064,0.19,High,Medium,High,Sad,0.14649,0.582251242858203,High,Low,0.5805002485716406
0W0iAC1VGlB82PI6elxFYf,Guilty as Sin?,06HL4z0CvFAxyc27GXpf02,2024,81,2024-04-18,0.428,0.626,0.0,-8.374,94.95,0.487,Low,Slow,Medium,Neutral,0.3048619999999999,0.4900942346219485,Low,None,0.5145688469243896
1jKXjxMWlq4BhH6f9GtZbu,TORE UP,4Gso3d4CscCijv0lmajZWs,2024,78,2024-06-14,0.819,0.534,0.0011,-4.329,154.994,0.0806,High,Fast,Medium,Sad,0.0430404,0.7902352155524227,Very High,Low,0.5431470431104846
33Nj9AdncSmHbCN3QeSZTL,Volver Al Futuro,3l9G1G9MxH6DaRhwLklaf5,2024,86,2024-05-30,0.662,0.753,0.0,-6.702,116.916,0.638,Medium,Medium,High,Happy,0.480414,0.6141574534391927,High,None,0.6737314906878384
5v3MSh7CD3VNyCwAoSha5p,Half of forever,7osFcSwjlRPwxZdVALIOuC,2024,78,2024-01-05,0.313,0.75,9.01e-05,-7.334,76.507,0.478,Low,Slow,High,Neutral,0.3585,0.56726274393411,High,Low,0.5362025487868219
22YmmVRHfFX49G6HY5NV3T,Burgundy,1VPmR4DJC1PlOtd0IADAO0,2024,75,2024-06-14,0.566,0.798,0.137,-7.102,117.978,0.0561,Medium,Medium,High,Sad,0.0447678,0.5844772575498999,High,Low,0.51182045150998
1aHy1ipWQRNauI0ee9uYfi,Fall Back,7LVC96BEVGugTAp38AajV6,2024,84,2024-03-22,0.158,0.871,0.0363,-10.889,126.078,0.46,Low,Medium,High,Neutral,0.40066,0.3034800029680197,Low,Low,0.4764960005936038
4boa7Bv0VijpxoP1SHjjUb,Wanna Be Loved,6IKlXZEFOvk9itrP1s0knJ,2024,74,2024-05-22,0.469,0.621,3.29e-05,-6.015,73.16,0.363,Medium,Slow,Medium,Neutral,0.2254229999999999,0.6651331898790533,High,Low,0.5273266379758107
2DXK0YNGSqnaIEX5iaSIoK,RELOJ,12GqGscKJx3aE4t07u7eVZ,2024,79,2024-06-20,0.48,0.553,0.00586,-9.886,173.009,0.456,Medium,Fast,Medium,Neutral,0.252168,0.3779030941604215,Low,Low,0.4754806188320843
2o1pb13quMReXZqE7jWsgq,intro (end of the world),66CXWjxzNUsdJxJ2JdwvnR,2024,84,2024-03-08,0.362,0.506,0.0,-9.48,84.726,0.385,Low,Slow,Medium,Neutral,0.19481,0.4080284929880537,Low,None,0.4201556985976107
3YkNIrAvbKNrrwwEd7NVLl,loml,06HL4z0CvFAxyc27GXpf02,2024,79,2024-04-19,0.272,0.423,0.0,-12.56,78.539,0.195,Low,Slow,Medium,Sad,0.082485,0.1794909846404986,Very Low,None,0.2795481969280997
5hrGuVnNc8tkRgkW38J5Vv,Boons,40ZNYROS4zLfyyBSs2PGe2,2024,73,2024-07-04,0.33,0.495,4.49e-05,-10.171,83.211,0.234,Low,Slow,Medium,Sad,0.11583,0.3567559545893004,Low,Low,0.36085119091786
3LkXOTWDwskwciQoARFDzu,Guilty Conscience 2,7dGJo4pcD2V6oG8kP0tJRR,2024,78,2024-07-12,0.852,0.67,0.0,-4.412,164.421,0.483,High,Fast,Medium,Neutral,0.32361,0.7840765749053944,Very High,None,0.691565314981079
1WhCAd5sv7rIO78kVgFxIt,Drink Don't Need No Mix (feat. BigXthaPlug),3y2cIKLjiOlp1Np37WiUdH,2024,74,2024-05-31,0.63,0.885,0.0,-5.246,128.091,0.697,Medium,Medium,High,Happy,0.616845,0.7221933664762188,High,None,0.7416886732952438
3Sg0jiuv2ckmxTBX4tLJQq,Just Like Johnny,4oCk0xbmAtqXZFzXtH3AgF,2024,74,2024-02-16,0.625,0.589,1.51e-05,-5.302,125.997,0.143,Medium,Medium,Medium,Sad,0.0842269999999999,0.7180381390517179,High,Low,0.5123076278103436
315aBOUD3xtj7sUMXtRgMV,In The Stars,22wbnEMDvgVIAGdFeek6ET,2024,82,2024-04-05,0.54,0.362,0.0,-6.031,78.007,0.3,Medium,Slow,Low,Neutral,0.1085999999999999,0.6639459820434817,High,None,0.4513891964086963
6FcDxtnGfsYHOcGkXN2OIG,Add Up My Love,3l0CmX0FuQjFxr8SK7Vqag,2024,76,2024-07-12,0.621,0.715,0.0011,-6.761,104.964,0.769,Medium,Medium,High,Happy,0.549835,0.609779624545522,High,Low,0.6839559249091045
4fZ07aBMo69QTEKo4OC4Dz,Up All Night (with The Lumineers & Noah Kahan),4EzkuveR9pLvDVFNx6foYD,2024,76,2024-07-19,0.872,0.598,0.0,-4.78,91.023,0.665,High,Slow,Medium,Happy,0.39767,0.7567707946872451,Very High,None,0.715004158937449
0mYIOzA3XWuqewk2GDtsnP,Spin You Around,4oUHIQIBe0LHzYfvXNW4QM,2024,73,2024-01-25,0.877,0.517,0.0,-3.621,149.99,0.614,High,Fast,Medium,Happy,0.317438,0.842769162276471,Very High,None,0.6964038324552941
1FhgmMvNlh3nJ1Ldc2eE6H,High Road (feat. Jessie Murph),1Tie3AZgLQZqYEp8Fv4zOZ,2024,73,2024-07-19,0.726,0.622,0.0,-5.608,138.043,0.534,High,Medium,Medium,Neutral,0.332148,0.6953327891964087,High,None,0.6406665578392818
3awweDjWIuXNMogMClJnvE,Sexy to Someone,3l0CmX0FuQjFxr8SK7Vqag,2024,76,2024-07-12,0.545,0.716,0.00369,-6.949,98.23,0.826,Medium,Slow,High,Happy,0.5914159999999999,0.5958299324775544,High,Low,0.6767159864955109
6xZYGIixR3zhhOHwu7UEMY,mewtwo,3gBZUcNeVumkeeJ19CY2sX,2024,75,2024-07-05,0.745,0.646,0.0,-3.341,149.971,0.316,High,Fast,Medium,Neutral,0.204136,0.8635452993989761,Very High,None,0.6317590598797953
4PdLaGZubp4lghChqp8erB,The Tortured Poets Department,06HL4z0CvFAxyc27GXpf02,2024,78,2024-04-19,0.428,0.604,0.0,-8.441,110.259,0.292,Low,Medium,Medium,Sad,0.176368,0.4851228018104919,Low,None,0.4582245603620984
56qiAh3R5y85Ng26tkAUD3,TGIF,2qoQgPAilErOKCwE2Y8wOG,2024,74,2024-06-20,0.526,0.884,6.23e-05,-6.556,140.049,0.228,Medium,Fast,High,Sad,0.201552,0.6249907249387847,High,Low,0.578698144987757
5b5cPscqVEMChvDqscVw26,Training Season,6M2wZ9GZgrQXHCFfjv46we,2024,82,2024-05-03,0.587,0.812,2.64e-06,-4.483,123.041,0.664,Medium,Medium,High,Happy,0.5391680000000001,0.778808340135045,Very High,Low,0.712111668027009
0B78zqopF0XS7mtooowqde,Goes Without Saying (Feat. Brad Paisley),246dkjvS1zLTtiykXe5h60,2024,34,2024-08-15,0.769,0.447,0.0,-4.936,78.98,0.5,High,Slow,Medium,Neutral,0.2235,0.7451955182904209,High,None,0.6003891036580842
0mNzElhEofvgMWAJoOA4q9,Pour Me A Drink (Feat. Blake Shelton),246dkjvS1zLTtiykXe5h60,2024,66,2024-08-16,0.909,0.582,0.0,-3.834,119.033,0.868,High,Medium,Medium,Happy,0.505176,0.8269644579654226,Very High,None,0.7842428915930846
7kRI1XVHoJADTCGXJTyZvw,M-E-X-I-C-O (Feat. Billy Strings),246dkjvS1zLTtiykXe5h60,2024,48,2024-08-15,0.967,0.609,0.0,-3.44,127.989,0.605,High,Medium,Medium,Happy,0.3684449999999999,0.8561994509163762,Very High,None,0.7469398901832752
4C0oQjFn22DzcsdA4fEahn,Never Love You Again (Feat. Sierra Ferrell),246dkjvS1zLTtiykXe5h60,2024,49,2024-08-15,0.545,0.558,4.58e-06,-5.009,107.933,0.347,Medium,Medium,Medium,Neutral,0.193626,0.7397788825406248,High,Low,0.538355776508125
3kklFoxc5wF0jFaUnyeQP0,Have The Heart (Feat. Dolly Parton),246dkjvS1zLTtiykXe5h60,2024,45,2024-08-16,0.785,0.619,0.0,-2.715,116.974,0.702,High,Medium,Medium,Happy,0.434538,0.9099948059657196,Very High,None,0.7394489611931438
6nLUacmejwxurxcknrSWFG,California Sober (Feat. Chris Stapleton),246dkjvS1zLTtiykXe5h60,2024,51,2024-08-15,0.964,0.461,2.08e-05,-3.724,92.497,0.704,High,Slow,Medium,Happy,0.324544,0.8351265118349782,Very High,Low,0.7223253023669955
4Kd9tBUgpXv26OfR6ugBv1,Finer Things (Feat. Hank Williams Jr.),246dkjvS1zLTtiykXe5h60,2024,68,2024-08-16,0.937,0.629,0.0,-3.477,123.968,0.649,High,Medium,Medium,Happy,0.408221,0.8534540327966165,Very High,None,0.7558908065593234
7k2nR2eTRVuzAMCXUj3HMv,Right About You,246dkjvS1zLTtiykXe5h60,2024,64,2024-08-16,0.858,0.442,0.0,-5.316,171.989,0.724,High,Fast,Medium,Happy,0.320008,0.7169993321955925,High,None,0.6714998664391185
1IzCS4zuowRsXu4YS8caOB,Missin’ You Like This (Feat. Luke Combs),246dkjvS1zLTtiykXe5h60,2024,66,2024-08-16,0.707,0.502,0.0,-4.894,78.984,0.447,High,Slow,Medium,Neutral,0.224394,0.7483119388587965,High,None,0.5887623877717593
3It5ZyIlvFxgrxAkiQLGBR,M-E-X-I-C-O (Feat. Billy Strings),246dkjvS1zLTtiykXe5h60,2024,63,2024-08-16,0.972,0.597,0.0,-3.396,127.954,0.607,High,Medium,Medium,Happy,0.3623789999999999,0.8594642724641983,Very High,None,0.7457428544928396
1AvMXzHYdIdJfZwpjZQCdN,M-E-X-I-C-O (Feat. Billy Strings),246dkjvS1zLTtiykXe5h60,2024,43,2024-08-16,0.97,0.596,0.0,-3.422,127.948,0.591,High,Medium,Medium,Neutral,0.352236,0.8575350597313942,Very High,None,0.7405570119462789
6HSqtj2sfYQyKgn4RS0QS6,Yours,246dkjvS1zLTtiykXe5h60,2024,44,2024-08-16,0.653,0.338,0.0,-5.218,67.993,0.346,Medium,Slow,Low,Neutral,0.116948,0.7242709801884692,High,None,0.4960041960376938
1DhtAZ3PjM7NLe2vLIRxLx,Nosedive (Feat. Lainey Wilson),246dkjvS1zLTtiykXe5h60,2024,44,2024-08-16,0.788,0.448,0.0,-3.01,154.029,0.497,High,Fast,Medium,Neutral,0.222656,0.8881056614973659,Very High,None,0.6332711322994732
3TbybUygOpZhGF84NP3lIp,Hide My Gun (Feat. HARDY),246dkjvS1zLTtiykXe5h60,2024,42,2024-08-16,0.667,0.506,0.0,-5.072,146.156,0.336,Medium,Fast,Medium,Neutral,0.170016,0.7351042516880613,High,None,0.5495708503376122
1hpeLq6qX83kCsfh9C8RNI,Never Love You Again (Feat. Sierra Ferrell),246dkjvS1zLTtiykXe5h60,2024,44,2024-08-16,0.535,0.555,1.14e-06,-5.022,107.973,0.372,Medium,Medium,Medium,Neutral,0.20646,0.7388142761742228,High,Low,0.5410128552348445
5bHr1bHc37mzsi5t7H1uNh,Wrong Ones (Feat. Tim McGraw),246dkjvS1zLTtiykXe5h60,2024,47,2024-08-16,0.775,0.487,0.0,-3.787,80.957,0.554,High,Slow,Medium,Neutral,0.269798,0.8304518809824146,Very High,None,0.644440376196483
1T11BCrWKjUwPP9x3kIhGw,Right About You,246dkjvS1zLTtiykXe5h60,2024,42,2024-08-16,0.862,0.431,0.0,-5.357,172.131,0.725,High,Fast,Medium,Happy,0.312475,0.71395711211694,High,None,0.6688414224233881
57oVgPS8W8j7PRBGOycIXq,What Don't Belong To Me,246dkjvS1zLTtiykXe5h60,2024,45,2024-08-16,0.904,0.39,0.0,-5.278,84.13,0.6,High,Slow,Low,Happy,0.2339999999999999,0.7198189508050754,High,None,0.6369637901610151
30hbE8nm0VBt1W5F0U1Dr1,Finer Things (Feat. Hank Williams Jr.),246dkjvS1zLTtiykXe5h60,2024,47,2024-08-16,0.929,0.626,0.0,-3.476,123.966,0.674,High,Medium,Medium,Happy,0.421924,0.8535282332863398,Very High,None,0.759255646657268
53MOb9isu1bJlCkDTObrCB,Wrong Ones (Feat. Tim McGraw),246dkjvS1zLTtiykXe5h60,2024,24,2024-08-15,0.79,0.431,0.0,-3.815,161.988,0.479,High,Fast,Medium,Neutral,0.206449,0.828374267270164,Very High,None,0.6122248534540329
149r4BNMXwFRWjPYcKNNgc,Devil I've Been (Feat. ERNEST),246dkjvS1zLTtiykXe5h60,2024,65,2024-08-16,0.795,0.628,0.0,-3.334,111.99,0.813,High,Medium,Medium,Happy,0.510564,0.8640647028270387,Very High,None,0.7632129405654078
1sqXfPaRD7npnH712RZQAF,Have The Heart (Feat. Dolly Parton),246dkjvS1zLTtiykXe5h60,2024,67,2024-08-16,0.792,0.621,0.0,-2.678,116.967,0.69,High,Medium,Medium,Happy,0.42849,0.9127402240854792,Very High,None,0.7393480448170958
4Y7NbVUUl0zGSboRGX85Cu,Wrong Ones (Feat. Tim McGraw),246dkjvS1zLTtiykXe5h60,2024,40,2024-08-15,0.777,0.436,0.0,-3.907,162.006,0.599,High,Fast,Medium,Neutral,0.261164,0.8215478222156267,Very High,None,0.6391095644431254
2CIXO1jQbrV1hlfI7FUKld,Wrong Ones (Feat. Tim McGraw),246dkjvS1zLTtiykXe5h60,2024,69,2024-08-16,0.797,0.476,0.0,-3.867,80.946,0.601,High,Slow,Medium,Happy,0.286076,0.824515841804556,Very High,None,0.6572031683609112
3cdvuWlgolu8yubj9XR66W,California Sober (Feat. Chris Stapleton),246dkjvS1zLTtiykXe5h60,2024,28,2024-08-15,0.961,0.452,1.23e-05,-3.744,92.501,0.615,High,Slow,Medium,Happy,0.27798,0.8336425020405136,Very High,Low,0.6963285004081028
0DM63CJEklNPKu6kHGyuEl,Yours,246dkjvS1zLTtiykXe5h60,2024,65,2024-08-16,0.672,0.514,0.0,-5.209,148.045,0.331,Medium,Fast,Medium,Neutral,0.170134,0.7249387845959785,High,None,0.5499377569191958
6nf4oqFOsVKLwJPEliYVwT,Hide My Gun (Feat. HARDY),246dkjvS1zLTtiykXe5h60,2024,64,2024-08-16,0.651,0.506,0.0,-4.993,146.141,0.338,Medium,Fast,Medium,Neutral,0.171028,0.7409660903761965,High,None,0.5472432180752393
6StwwqB84sJeLr7tZDTxEX,Guy For That (Feat. Luke Combs),246dkjvS1zLTtiykXe5h60,2024,65,2024-08-16,0.911,0.611,0.0,-4.106,119.986,0.495,High,Medium,Medium,Neutral,0.3024449999999999,0.8067819247607035,Very High,None,0.6961563849521408
20hTkA9oKKuxghkRptRczS,Goes Without Saying (Feat. Brad Paisley),246dkjvS1zLTtiykXe5h60,2024,67,2024-08-16,0.777,0.472,0.0,-5.0,79.036,0.484,High,Slow,Medium,Neutral,0.2284479999999999,0.7404466869481339,High,None,0.6049393373896268
5BZc4KrPMb5FjdQqP0mT0K,Missin’ You Like This (Feat. Luke Combs),246dkjvS1zLTtiykXe5h60,2024,43,2024-08-16,0.707,0.495,0.0,-4.882,78.989,0.467,High,Slow,Medium,Neutral,0.231165,0.7492023447354754,High,None,0.5918404689470951
0RKMthG1dz8hGpnCoDw6ae,I Had Some Help (Feat. Morgan Wallen),246dkjvS1zLTtiykXe5h60,2024,44,2024-08-16,0.848,0.646,0.0,-4.728,127.985,0.79,High,Medium,Medium,Happy,0.51034,0.7606292201528531,Very High,None,0.7554258440305706
1ijAeZBinhAVyaD86aNWJM,Nosedive (Feat. Lainey Wilson),246dkjvS1zLTtiykXe5h60,2024,50,2024-08-15,0.791,0.47,0.0,-3.001,77.04,0.486,High,Slow,Medium,Neutral,0.2284199999999999,0.888773465904875,Very High,None,0.6380046931809751
2BdsMotmIfPUopJoRQzeXN,California Sober (Feat. Chris Stapleton),246dkjvS1zLTtiykXe5h60,2024,42,2024-08-16,0.961,0.459,5.13e-06,-3.761,92.514,0.69,High,Slow,Medium,Happy,0.31671,0.8323810937152185,Very High,Low,0.7169262187430437
0lJNSfWnwJMIh94Dv9jQUt,What Don't Belong To Me,246dkjvS1zLTtiykXe5h60,2024,68,2024-08-16,0.906,0.478,0.0,-5.278,169.986,0.552,High,Fast,Medium,Neutral,0.263856,0.7198189508050754,High,None,0.6518637901610151
025Br9WLnUrOTamD9EUOv2,Goes Without Saying (Feat. Brad Paisley),246dkjvS1zLTtiykXe5h60,2024,48,2024-08-16,0.787,0.468,0.0,-4.933,158.117,0.502,High,Fast,Medium,Neutral,0.234936,0.7454181197595905,High,None,0.6117336239519181
5IZXB5IKAD2qlvTPJYDCFB,I Had Some Help (Feat. Morgan Wallen),246dkjvS1zLTtiykXe5h60,2024,66,2024-08-16,0.874,0.644,0.0,-4.723,128.017,0.753,High,Medium,Medium,Happy,0.484932,0.7610002226014693,Very High,None,0.7521500445202939
4oqgPRT7otHOzKJfORa1Tp,Pour Me A Drink (Feat. Blake Shelton),246dkjvS1zLTtiykXe5h60,2024,44,2024-08-16,0.9,0.577,0.0,-3.82,119.026,0.864,High,Medium,Medium,Happy,0.4985279999999999,0.8280032648215478,Very High,None,0.7797006529643096
0gucUyFMFRMlUiVn9US4YX,Losers (Feat. Jelly Roll),246dkjvS1zLTtiykXe5h60,2024,67,2024-08-16,0.76,0.607,0.0,-4.024,93.954,0.414,High,Slow,Medium,Neutral,0.2512979999999999,0.8128663649180086,Very High,None,0.6381732729836017
1UEgWCAt578XMHXBOMnxKx,Hide My Gun (Feat. HARDY),246dkjvS1zLTtiykXe5h60,2024,53,2024-08-15,0.644,0.512,0.0,-4.987,146.1,0.342,Medium,Fast,Medium,Neutral,0.175104,0.7414112933145359,High,None,0.5483822586629072
4rhSYWoLaBbkQccjme9UOJ,Never Love You Again (Feat. Sierra Ferrell),246dkjvS1zLTtiykXe5h60,2024,65,2024-08-16,0.545,0.57,1.41e-06,-4.93,107.952,0.344,Medium,Medium,Medium,Neutral,0.1960799999999999,0.7456407212287601,High,Low,0.542378144245752
1SPI4AlK4121PEQPGSpdcY,California Sober (Feat. Chris Stapleton),246dkjvS1zLTtiykXe5h60,2024,68,2024-08-16,0.968,0.455,2.06e-05,-3.672,92.511,0.686,High,Slow,Medium,Happy,0.31213,0.8389849373005862,Very High,Low,0.7177969874601173
1GtXRVMPrj8Z71HwuYqOGe,Losers (Feat. Jelly Roll),246dkjvS1zLTtiykXe5h60,2024,44,2024-08-16,0.773,0.611,0.0,-4.035,94.006,0.424,High,Slow,Medium,Neutral,0.2590639999999999,0.812050159531053,Very High,None,0.6449600319062105
04IjMIccwUVB36KfYJDptZ,Devil I've Been (Feat. ERNEST),246dkjvS1zLTtiykXe5h60,2024,46,2024-08-16,0.819,0.623,0.0,-3.356,112.005,0.811,High,Medium,Medium,Happy,0.5052530000000001,0.8624322920531277,Very High,None,0.7668864584106254
5eR3BjfnoYpj6rGhhPTGYh,Guy For That (Feat. Luke Combs),246dkjvS1zLTtiykXe5h60,2024,47,2024-08-16,0.909,0.608,0.0,-4.114,120.02,0.53,High,Medium,Medium,Neutral,0.32224,0.8061883208429177,Very High,None,0.7033876641685834
25uMKq5kygC2woAfeetEfE,Nosedive (Feat. Lainey Wilson),246dkjvS1zLTtiykXe5h60,2024,66,2024-08-16,0.782,0.287,0.0,-2.974,154.154,0.471,High,Fast,Low,Neutral,0.135177,0.8907768791274023,Very High,None,0.5775053758254804
3SkbX1E9qYSJRI6QlpWutW,Have The Heart (Feat. Dolly Parton),246dkjvS1zLTtiykXe5h60,2024,39,2024-08-15,0.8,0.621,0.0,-2.714,116.935,0.705,High,Medium,Medium,Happy,0.437805,0.9100690064554426,Very High,None,0.7445638012910886
0p13WrwJyOU3SwoAlSa6O4,Losers (Feat. Jelly Roll),246dkjvS1zLTtiykXe5h60,2024,45,2024-08-15,0.775,0.609,0.0,-4.031,93.967,0.422,High,Slow,Medium,Neutral,0.256998,0.8123469614899459,Very High,None,0.6444193922979892
4Xkea40brwV7ImJz5vlWbY,Hide My Gun (Feat. HARDY),246dkjvS1zLTtiykXe5h60,2024,21,2024-08-15,0.663,0.52,0.0,-5.054,146.101,0.348,Medium,Fast,Medium,Neutral,0.1809599999999999,0.7364398605030793,High,None,0.5560379721006158
26IcURoSOBlQQVHBHZyWjI,Finer Things (Feat. Hank Williams Jr.),246dkjvS1zLTtiykXe5h60,2024,38,2024-08-15,0.933,0.63,0.0,-3.456,123.953,0.676,High,Medium,Medium,Happy,0.42588,0.8550122430808045,Very High,None,0.7622524486161609
6IuqsyXgOZJaBxx6iGLSKI,Devil I've Been (Feat. ERNEST),246dkjvS1zLTtiykXe5h60,2024,37,2024-08-15,0.804,0.622,0.0,-3.313,111.977,0.808,High,Medium,Medium,Happy,0.502576,0.8656229131112266,Very High,None,0.7627245826222453
4hHRQydZDHho0DphGUDG4u,Wrong Ones (Feat. Tim McGraw),246dkjvS1zLTtiykXe5h60,2024,31,2024-08-16,0.79,0.438,0.0,-3.807,161.967,0.559,High,Fast,Medium,Neutral,0.244842,0.8289678711879499,Very High,None,0.63444357423759
4fe6BhZYJJw7XRZk6muwzm,Back To Texas,246dkjvS1zLTtiykXe5h60,2024,45,2024-08-16,0.837,0.545,0.0,-4.098,134.843,0.706,High,Medium,Medium,Happy,0.38477,0.8073755286784894,Very High,None,0.7107251057356979
3nI1lZcOKxp4QHG6fCOW6g,Wrong Ones (Feat. Tim McGraw),246dkjvS1zLTtiykXe5h60,2024,50,2024-08-16,0.785,0.437,0.0,-3.846,162.032,0.604,High,Fast,Medium,Happy,0.263948,0.8260740520887438,Very High,None,0.6435648104177488
5U4cv9PPP0fzx392MuhwPO,Missin’ You Like This (Feat. Luke Combs),246dkjvS1zLTtiykXe5h60,2024,27,2024-08-16,0.702,0.495,0.0,-4.866,79.017,0.461,High,Slow,Medium,Neutral,0.228195,0.7503895525710471,Very High,None,0.5893279105142094
55NGmC3FhLcZ6McnK1JYGI,Yours,246dkjvS1zLTtiykXe5h60,2024,27,2024-08-16,0.661,0.535,0.0,-5.264,148.011,0.349,Medium,Fast,Medium,Neutral,0.186715,0.7208577576612006,High,None,0.5571715515322401
1QTNo6sCt8km4v3GyHRNlS,Fallin’ In Love,246dkjvS1zLTtiykXe5h60,2024,49,2024-08-16,0.881,0.626,0.0,-3.508,114.924,0.676,High,Medium,Medium,Happy,0.423176,0.8511538176151963,Very High,None,0.7472807635230393
3vBTLInbHYx46zZZEpQx1C,Two Hearts,246dkjvS1zLTtiykXe5h60,2024,46,2024-08-16,0.476,0.537,0.0,-6.974,147.853,0.5,Medium,Fast,Medium,Neutral,0.2685,0.5939749202344736,High,None,0.5238949840468947
4l1naE7FrhvBrEkNjtGbSB,M-E-X-I-C-O (Feat. Billy Strings),246dkjvS1zLTtiykXe5h60,2024,45,2024-08-16,0.968,0.604,0.0,-3.417,127.974,0.614,High,Medium,Medium,Happy,0.3708559999999999,0.8579060621800105,Very High,None,0.7482812124360021
6xz2HtIi1xp4bMKeFJ3krV,Go To Hell,246dkjvS1zLTtiykXe5h60,2024,47,2024-08-16,0.84,0.363,0.0,-4.31,124.126,0.53,High,Medium,Low,Neutral,0.19239,0.7916450248571641,Very High,None,0.6097290049714328
6jWi3oGE195sSoFm3BSjAC,Finer Things (Feat. Hank Williams Jr.),246dkjvS1zLTtiykXe5h60,2024,30,2024-08-16,0.934,0.628,0.0,-3.471,123.95,0.673,High,Medium,Medium,Happy,0.422644,0.853899235734956,Very High,None,0.7609298471469912
5dblKNaAIqA78xiDuy8ejA,Ain’t How It Ends,246dkjvS1zLTtiykXe5h60,2024,29,2024-08-16,0.818,0.503,0.0,-3.598,172.007,0.536,High,Fast,Medium,Neutral,0.269608,0.8444757735401054,Very High,None,0.6582951547080211
7H3wY6s2ErIXGrRq1SBayd,California Sober (Feat. Chris Stapleton),246dkjvS1zLTtiykXe5h60,2024,26,2024-08-16,0.963,0.452,9.24e-06,-3.737,92.525,0.625,High,Slow,Medium,Happy,0.2825,0.8341619054685762,Very High,Low,0.6994323810937152
3nrot8erPmV7L5BrPW9mVi,California Sober (Feat. Chris Stapleton),246dkjvS1zLTtiykXe5h60,2024,46,2024-08-16,0.966,0.466,2.71e-05,-3.703,92.52,0.674,High,Slow,Medium,Happy,0.314084,0.836684722119166,Very High,Low,0.7171369444238331
4OaYz4f3JxfgkPHnzQPu6s,Guy For That (Feat. Luke Combs),246dkjvS1zLTtiykXe5h60,2024,27,2024-08-16,0.909,0.609,0.0,-4.11,120.009,0.526,High,Medium,Medium,Neutral,0.320334,0.8064851228018106,Very High,None,0.7027470245603621
1BLk8GO0IOT6GlRvmLIM0d,Hide My Gun (Feat. HARDY),246dkjvS1zLTtiykXe5h60,2024,45,2024-08-16,0.641,0.506,0.0,-5.019,145.857,0.381,Medium,Fast,Medium,Neutral,0.192786,0.7390368776433924,High,None,0.5551073755286785
3G8syjk315Wb6f3mG3rgC1,Killed A Man,246dkjvS1zLTtiykXe5h60,2024,48,2024-08-16,0.642,0.496,0.0,-4.536,83.893,0.467,Medium,Slow,Medium,Neutral,0.231632,0.7748757141797137,Very High,None,0.5810251428359428
1gartEVtdwerBS7LDybF2j,Nosedive (Feat. Lainey Wilson),246dkjvS1zLTtiykXe5h60,2024,47,2024-08-16,0.797,0.439,0.0,-2.998,154.018,0.546,High,Fast,Medium,Neutral,0.239694,0.8889960673740447,Very High,None,0.6452492134748089
5vTwLzjyVJaUsEd4GOH6t9,Nosedive (Feat. Lainey Wilson),246dkjvS1zLTtiykXe5h60,2024,28,2024-08-16,0.796,0.443,0.0,-2.977,153.781,0.544,High,Fast,Medium,Neutral,0.240992,0.8905542776582327,Very High,None,0.6460108555316465
1uukncdtRehiZS3SMHOxYZ,Hey Mercedes,246dkjvS1zLTtiykXe5h60,2024,48,2024-08-16,0.902,0.586,0.0,-3.025,132.058,0.634,High,Medium,Medium,Happy,0.3715239999999999,0.8869926541515175,Very High,None,0.7371985308303035
1HEJLYh1GIkkhdBHhsf1rW,Right About You,246dkjvS1zLTtiykXe5h60,2024,25,2024-08-16,0.862,0.441,0.0,-5.337,171.922,0.749,High,Fast,Medium,Happy,0.330309,0.7154411219114047,High,None,0.678138224382281
2F8GhXQsNDWwOQMF1IvGvA,Hide My Gun (Feat. HARDY),246dkjvS1zLTtiykXe5h60,2024,26,2024-08-16,0.649,0.505,0.0,-5.066,146.153,0.348,Medium,Fast,Medium,Neutral,0.1757399999999999,0.7355494546264005,High,None,0.5478598909252801
6H5VHVg9TIiX2HFbBhD1aw,Never Love You Again (Feat. Sierra Ferrell),246dkjvS1zLTtiykXe5h60,2024,45,2024-08-16,0.537,0.567,1.6e-06,-5.027,107.958,0.359,Medium,Medium,Medium,Neutral,0.2035529999999999,0.7384432737256066,High,Low,0.5417886547451214
7x3lbhchD4MeSflqqMl5AN,Losers (Feat. Jelly Roll),246dkjvS1zLTtiykXe5h60,2024,47,2024-08-16,0.759,0.609,0.0,-4.004,93.973,0.445,High,Slow,Medium,Neutral,0.271005,0.8143503747124732,Very High,None,0.6465700749424946
3yjJCbT29Wc8ccWy9yag7l,What Don't Belong To Me,246dkjvS1zLTtiykXe5h60,2024,48,2024-08-16,0.907,0.392,0.0,-5.239,84.126,0.572,High,Slow,Low,Neutral,0.2242239999999999,0.7227127699042815,High,None,0.6318925539808562
7MzbSTn0EYOgLPD77gBpbW,Missin’ You Like This (Feat. Luke Combs),246dkjvS1zLTtiykXe5h60,2024,46,2024-08-16,0.712,0.499,0.0,-4.886,78.986,0.45,High,Slow,Medium,Neutral,0.22455,0.7489055427765824,High,None,0.5899811085553165
4YAHUhyTzxbA5BkMTbvKqb,Yours,246dkjvS1zLTtiykXe5h60,2024,46,2024-08-16,0.663,0.522,0.0,-5.249,148.107,0.364,Medium,Fast,Medium,Neutral,0.190008,0.7219707650070492,High,None,0.5577441530014098
2jl6rKH9qQsCgmeDytere3,Have The Heart (Feat. Dolly Parton),246dkjvS1zLTtiykXe5h60,2024,48,2024-08-16,0.79,0.621,0.0,-2.68,116.977,0.754,High,Medium,Medium,Happy,0.468234,0.9125918231060326,Very High,None,0.7548183646212066
2MMbHVHSGECoMJNE58Ghp2,Have The Heart (Feat. Dolly Parton),246dkjvS1zLTtiykXe5h60,2024,28,2024-08-16,0.79,0.625,0.0,-2.705,116.936,0.695,High,Medium,Medium,Happy,0.4343749999999999,0.9107368108629518,Very High,None,0.7408973621725903
1xlsB7JHPf83JCSWx3Gvwy,Hey Mercedes,246dkjvS1zLTtiykXe5h60,2024,29,2024-08-16,0.918,0.582,0.0,-3.019,132.095,0.604,High,Medium,Medium,Happy,0.3515279999999999,0.8874378570898569,Very High,None,0.7325875714179715
2klojPraJ4L0ksQKFhTPlj,Goes Without Saying (Feat. Brad Paisley),246dkjvS1zLTtiykXe5h60,2024,28,2024-08-16,0.775,0.444,0.0,-4.964,78.967,0.503,High,Slow,Medium,Neutral,0.223332,0.7431179045781702,High,None,0.6013235809156341
5YpGtgrW64ZerAxtxqh0w2,Right About You,246dkjvS1zLTtiykXe5h60,2024,45,2024-08-16,0.859,0.44,0.0,-5.338,172.075,0.747,High,Fast,Medium,Happy,0.32868,0.7153669214216815,High,None,0.6765733842843362
0EpTsZgMtCraUpT0PARHgD,Never Love You Again (Feat. Sierra Ferrell),246dkjvS1zLTtiykXe5h60,2024,26,2024-08-16,0.536,0.568,0.0,-4.996,107.965,0.376,Medium,Medium,Medium,Neutral,0.2135679999999999,0.7407434889070268,High,None,0.5465486977814054
4ApqBh1Xnrpwx6EbhoUPgq,Ain’t How It Ends,246dkjvS1zLTtiykXe5h60,2024,48,2024-08-16,0.809,0.502,0.0,-3.608,171.952,0.555,High,Fast,Medium,Neutral,0.27861,0.8437337686428731,Very High,None,0.6603467537285747
6slyBSVe8V4sZ6smTNukQJ,What Don't Belong To Me,246dkjvS1zLTtiykXe5h60,2024,29,2024-08-16,0.903,0.355,0.0,-5.269,82.546,0.573,High,Slow,Low,Neutral,0.2034149999999999,0.7204867552125844,High,None,0.6195973510425169
0b89M5bonRIcsR781e4xGT,Dead At The Honky Tonk,246dkjvS1zLTtiykXe5h60,2024,49,2024-08-16,0.87,0.461,0.0,-4.273,165.962,0.606,High,Fast,Medium,Happy,0.279366,0.7943904429769237,Very High,None,0.6661780885953847
74lpiAq9Vn7KrIMSbn6CP4,Go To Hell,246dkjvS1zLTtiykXe5h60,2024,28,2024-08-16,0.825,0.361,1.54e-06,-4.353,124.165,0.536,High,Medium,Low,Neutral,0.193496,0.7884544037990652,Very High,Low,0.6062408807598131
3ITY5rry5FRd6CVAmtskcI,I Had Some Help (Feat. Morgan Wallen),246dkjvS1zLTtiykXe5h60,2024,28,2024-08-16,0.842,0.648,0.0,-4.773,128.018,0.781,High,Medium,Medium,Happy,0.506088,0.7572901981153077,Very High,None,0.7516080396230616
00haKLgkadZNfMTc4J6koK,M-E-X-I-C-O (Feat. Billy Strings),246dkjvS1zLTtiykXe5h60,2024,25,2024-08-16,0.971,0.599,0.0,-3.379,127.963,0.602,High,Medium,Medium,Happy,0.360598,0.8607256807894933,Very High,None,0.7450951361578986
3ih7ovdOGWibJ1cOB3VXXi,Dead At The Honky Tonk,246dkjvS1zLTtiykXe5h60,2024,30,2024-08-16,0.878,0.465,0.0,-4.236,165.921,0.601,High,Fast,Medium,Happy,0.279465,0.7971358610966833,Very High,None,0.6686771722193366
65nOJMlffOn2mhgyCLl4eo,Guy For That (Feat. Luke Combs),246dkjvS1zLTtiykXe5h60,2024,46,2024-08-16,0.911,0.607,0.0,-4.084,120.01,0.478,High,Medium,Medium,Neutral,0.2901459999999999,0.8084143355346146,Very High,None,0.6910328671069229
2PoE4L4YsgxtCgqBogKc5c,I Had Some Help (Feat. Morgan Wallen),246dkjvS1zLTtiykXe5h60,2024,47,2024-08-16,0.859,0.638,0.0,-4.775,127.991,0.794,High,Medium,Medium,Happy,0.506572,0.7571417971358612,Very High,None,0.7560783594271723
41ceaT3RvOapfDTmoFr6xn,Killed A Man,246dkjvS1zLTtiykXe5h60,2024,30,2024-08-16,0.652,0.41,0.0,-4.603,82.96,0.445,Medium,Slow,Medium,Neutral,0.18245,0.7699042813682571,Very High,None,0.5512308562736514
5P4ES4VjLK3lgT1SiOeWKo,Two Hearts,246dkjvS1zLTtiykXe5h60,2024,28,2024-08-16,0.478,0.536,0.0,-7.007,147.905,0.495,Medium,Fast,Medium,Neutral,0.26532,0.591526304073607,High,None,0.5223552608147214
3n6ZJnDVc2mWpJ35TniwTR,Losers (Feat. Jelly Roll),246dkjvS1zLTtiykXe5h60,2024,28,2024-08-16,0.77,0.606,0.0,-3.991,93.983,0.4,High,Slow,Medium,Neutral,0.2424,0.8153149810788751,Very High,None,0.637362996215775
1wTqoCV9A262wznX2EKwI1,Back To Texas,246dkjvS1zLTtiykXe5h60,2024,27,2024-08-16,0.843,0.549,0.0,-4.131,134.846,0.748,High,Medium,Medium,Happy,0.410652,0.8049269125176226,Very High,None,0.7234353825035246
5QCOS7bwiz2i3jQqB8KZGS,Finer Things (Feat. Hank Williams Jr.),246dkjvS1zLTtiykXe5h60,2024,49,2024-08-16,0.933,0.626,0.0,-3.48,123.961,0.714,High,Medium,Medium,Happy,0.446964,0.8532314313274468,Very High,None,0.7701962862654894
66aIyRu5dB4pcOYnQcAQBZ,Pour Me A Drink (Feat. Blake Shelton),246dkjvS1zLTtiykXe5h60,2024,28,2024-08-16,0.907,0.579,0.0,-3.833,119.018,0.863,High,Medium,Medium,Happy,0.499677,0.8270386584551459,Very High,None,0.7816077316910292
3q0ZteBgNcxqdszDXHiVCm,Who Needs You,246dkjvS1zLTtiykXe5h60,2024,27,2024-08-16,0.801,0.577,0.0,-5.115,163.932,0.944,High,Fast,Medium,Happy,0.544688,0.7319136306299623,High,None,0.7557327261259924
7CCYpMwDe5eH5PRzJ6owTA,Devil I've Been (Feat. ERNEST),246dkjvS1zLTtiykXe5h60,2024,46,2024-08-16,0.813,0.629,0.0,-3.365,112.011,0.814,High,Medium,Medium,Happy,0.512006,0.8617644876456185,Very High,None,0.7678028975291238
58BnhZIDqSFWmXsj3UA1Un,Who Needs You,246dkjvS1zLTtiykXe5h60,2024,46,2024-08-16,0.808,0.564,0.0,-5.13,164.288,0.953,High,Fast,Medium,Happy,0.537492,0.7308006232841138,High,None,0.7556101246568228
150w1WjVxUWycZqTflcDAe,Goes Without Saying (Feat. Brad Paisley),246dkjvS1zLTtiykXe5h60,2024,48,2024-08-16,0.796,0.466,0.0,-4.962,78.963,0.531,High,Slow,Medium,Neutral,0.247446,0.7432663055576167,High,None,0.6202032611115234
4Rtpg2DT7ZPnvmghpqyYLl,Fallin’ In Love,246dkjvS1zLTtiykXe5h60,2024,31,2024-08-16,0.894,0.631,0.0,-3.552,114.9,0.7,High,Medium,Medium,Happy,0.4417,0.8478889960673741,Very High,None,0.7573777992134748
3Yutkz9F3piqIhD8WWOXnO,Devil I've Been (Feat. ERNEST),246dkjvS1zLTtiykXe5h60,2024,27,2024-08-16,0.815,0.63,0.0,-3.355,111.99,0.79,High,Medium,Medium,Happy,0.4977,0.8625064925428508,Very High,None,0.7627512985085702
5JNdWvUQz88ReuMRhbt2a7,Pour Me A Drink (Feat. Blake Shelton),246dkjvS1zLTtiykXe5h60,2024,47,2024-08-16,0.906,0.579,0.0,-3.832,119.031,0.893,High,Medium,Medium,Happy,0.5170469999999999,0.8271128589448691,Very High,None,0.7888725717889739
60lAoxcyDvRbcNY82VEoEA,Beckham,2fBU7rOViK7ywwHCIYEa7h,2024,75,2024-07-03,0.84,0.721,0.0,-4.994,146.223,0.427,High,Fast,High,Neutral,0.307867,0.7408918898864734,High,None,0.6812283779772947
0g3WQjlhCk9gcIVow4DigI,Number 2,4Ga1P7PMIsmqEZqhYZQgDo,2024,76,2024-05-03,0.636,0.641,0.0,-4.75,125.053,0.138,Medium,Medium,Medium,Sad,0.088458,0.758996809378942,Very High,None,0.5375993618757884
35I2E525yJpUQ5ZJgfxizT,Harpy Hare,3rRyfgGByetsaaujkjQ7rY,2024,79,2024-01-04,0.533,0.645,7.08e-06,-11.65,130.02,0.349,Medium,Medium,Medium,Neutral,0.225105,0.2470134302886398,Very Low,Low,0.4634026860577279
0PHrcmOtDE89ew4vVEaD7S,BANDIT,4Gso3d4CscCijv0lmajZWs,2024,76,2024-06-14,0.794,0.68,0.0,-4.534,130.109,0.111,High,Medium,Medium,Sad,0.07548,0.7750241151591601,Very High,None,0.5852548230318321
38tXZcL1gZRfbqfOG0VMTH,How Sweet,6HvZYsbFfjnjFrWF950C9d,2024,83,2024-05-24,0.895,0.803,5.67e-06,-2.888,124.994,0.757,High,Medium,High,Happy,0.607871,0.8971581212436003,Very High,Low,0.8333316242487201
57L5EYzCfHS7Jd58rV33lW,HIGHJACK,13ubrt8QOOCPljQ2FL1Kca,2024,77,2024-08-02,0.682,0.61,0.0,-4.877,142.966,0.694,Medium,Fast,Medium,Happy,0.4233399999999999,0.7495733471840915,High,None,0.6769146694368183
11nmHJICkQ9emiYJJINygH,New To Country,3win9vGIxFfBRag9S63wwf,2024,73,2024-06-28,0.931,0.575,1.72e-05,-4.995,146.029,0.924,High,Fast,Medium,Happy,0.5313,0.7408176893967501,High,Low,0.78441353787935
4k0pqjIpfO7WV3eFUTgL9m,Heartbreaker,7kplJl06UmldxLKseURAYi,2024,74,2024-02-02,0.608,0.489,0.0,-5.329,148.117,0.352,Medium,Fast,Medium,Neutral,0.1721279999999999,0.7160347258291906,High,None,0.529906945165838
5GTBdEjZe7zEDp1N0eCZE4,HOLLYWOOD,12GqGscKJx3aE4t07u7eVZ,2024,81,2024-06-20,0.683,0.707,5.88e-06,-7.598,94.979,0.545,Medium,Slow,High,Neutral,0.385315,0.5476738146471768,High,Low,0.6286347629294353
5ExOm0dh4NyRyAdSAO9hyM,Florida!!! (feat. Florence + The Machine),06HL4z0CvFAxyc27GXpf02,2024,77,2024-04-19,0.573,0.533,0.0,-7.123,150.088,0.398,Medium,Fast,Medium,Neutral,0.212134,0.582919047265712,High,None,0.5192338094531425
5ocSQW5sIUIOFojwXEz9Ki,Supernatural,6HvZYsbFfjnjFrWF950C9d,2024,83,2024-06-21,0.708,0.699,8.43e-06,-4.182,108.887,0.863,High,Medium,Medium,Happy,0.6032369999999999,0.8011426875417378,Very High,Low,0.7626785375083475
4wTvw1dBiPXNiHTh0zzpcI,B2b,25uiPmTg16RbhZWAqwLBy5,2024,77,2024-06-07,0.771,0.769,0.671,-3.12,116.027,0.37,High,Medium,High,Neutral,0.28453,0.8799436076278104,Very High,Medium,0.6919387215255621
5CYblb1W46TNSWMR7BBwS2,Death Wish Love (From Twisters: The Album),22wbnEMDvgVIAGdFeek6ET,2024,77,2024-07-19,0.676,0.692,0.0,-5.888,122.926,0.47,Medium,Medium,Medium,Neutral,0.32524,0.6745566520739037,High,None,0.6290113304147807
3lMzT16MjAKKXF7pSZn13B,Tell Ur Girlfriend,4OVbrPbhvK46A1uXTU1u5F,2024,80,2024-02-07,0.741,0.866,0.0,-4.66,135.07,0.614,High,Medium,High,Happy,0.531724,0.7656748534540329,Very High,None,0.7516849706908065
1tuNqJOtRQVHvONR8Lg3MZ,The Alchemy,06HL4z0CvFAxyc27GXpf02,2024,78,2024-04-19,0.421,0.64,0.0,-8.802,100.056,0.353,Low,Medium,Medium,Neutral,0.2259199999999999,0.4583364250204051,Low,None,0.477167285004081
4MXzdffMz78GLlLM7mDa9v,The Man He Sees in Me,718COspgdWOnwOFpJHRZHS,2024,74,2024-06-14,0.427,0.584,4.61e-06,-8.685,82.03,0.535,Low,Slow,Medium,Neutral,0.31244,0.4670178823180233,Low,Low,0.5091035764636046
7Eg4LsQTM6QOqeCS8EihZI,Blowing Smoke,4tuJ0bMpJh08umKkEXKUI5,2024,76,2024-06-21,0.634,0.62,0.0,-5.098,139.968,0.373,Medium,Medium,Medium,Neutral,0.23126,0.7331750389552572,High,None,0.5843850077910515
6D8y7Bck8h11byRY88Pt2z,Houdini,6M2wZ9GZgrQXHCFfjv46we,2024,82,2024-05-03,0.789,0.744,0.00144,-4.876,116.985,0.866,High,Medium,High,Happy,0.644304,0.7496475476738147,High,Low,0.7868795095347629
02cRoSfWU3RJNFyU3o4lhV,SANTAL 33,12GqGscKJx3aE4t07u7eVZ,2024,82,2024-06-20,0.764,0.715,8.11e-06,-6.064,125.095,0.735,High,Medium,High,Happy,0.525525,0.6614973658826149,High,Low,0.721549473176523
0reBZSEtwbvqkXoWGtmV0k,Sale Para Ser Feliz,6PH3FLQAxtqYy46Zv08bpV,2024,76,2024-07-19,0.498,0.593,0.0,-9.042,153.102,0.18,Medium,Fast,Medium,Sad,0.1067399999999999,0.4405283074868295,Low,None,0.4355056614973659
1zhMHgotgZXkLCXpqNRnPK,N o C h i l l,2HPaUgqeutzr3jx5a9WyDV,2024,77,2024-04-26,0.411,0.575,0.00321,-9.022,81.755,0.062,Low,Slow,Medium,Sad,0.0356499999999999,0.4420123172812941,Low,Low,0.3791524634562588
48vIfHaK7by6x0T6ucpODL,Make You Mine,2kRfqPViCqYdSGhYSM9R0Q,2024,81,2024-02-09,0.642,0.533,0.00697,-6.315,123.128,0.488,Medium,Medium,Medium,Neutral,0.260104,0.6428730429620836,High,Low,0.5709746085924168
3dzRwqd1L3HqxmViUJt20A,Sweet Dreams,1Tie3AZgLQZqYEp8Fv4zOZ,2024,71,2024-07-19,0.57,0.71,0.000306,-4.99,75.036,0.486,Medium,Slow,High,Neutral,0.34506,0.7411886918453663,High,Low,0.6252377383690733
7IWcDWOfiooH5hRs9XOVYz,Fresh Out The Slammer,06HL4z0CvFAxyc27GXpf02,2024,77,2024-04-19,0.483,0.33,0.0,-9.394,87.115,0.34,Medium,Slow,Low,Neutral,0.1122,0.4144097351042517,Low,None,0.3876319470208503
6UmKnXmG7VmYqFnmSPOfRj,Get It Sexyy,3DbwFQlvLxRSi2uX8mf81A,2024,73,2024-05-24,0.64,0.811,0.0,-5.63,145.031,0.527,Medium,Fast,High,Neutral,0.427397,0.6937003784224977,High,None,0.6737900756844996
1De425SCFJULIHbcmeebUw,LET THE WORLD BURN,0F3maSKfGGVtfATaAyeyPG,2024,81,2024-03-08,0.557,0.377,0.0,-6.934,92.89,0.248,Medium,Slow,Low,Sad,0.093496,0.5969429398234029,High,None,0.4337385879646805
4oowI6IgJp9oqUnJewTp6Y,LINDA,5eumcnUkdmGvkvcsx1WFNG,2024,83,2024-05-23,0.761,0.911,3.48e-05,-6.712,124.983,0.948,High,Medium,High,Happy,0.863628,0.6134154485419605,High,Low,0.8232330897083922
0xzBmAsCfu3AzX1W0GYtMJ,Guess,25uiPmTg16RbhZWAqwLBy5,2024,77,2024-06-10,0.694,0.774,0.368,-4.809,130.017,0.537,Medium,Medium,High,Neutral,0.415638,0.7546189804852712,Very High,Medium,0.6908737960970541
41XsipI31N1fLKLVvWNuQC,Mechanical Bull,40ZNYROS4zLfyyBSs2PGe2,2024,72,2024-07-04,0.404,0.423,0.00895,-9.563,145.902,0.257,Low,Fast,Medium,Sad,0.108711,0.4018698523410254,Low,Low,0.3725239704682051
6uMGHQvhZq8YyT4kdnG1L3,Temporary,7dGJo4pcD2V6oG8kP0tJRR,2024,77,2024-07-12,0.439,0.574,0.0,-10.311,78.302,0.395,Medium,Slow,Medium,Neutral,0.22673,0.3463678860280478,Low,None,0.4499735772056095
1Y1jtaZOJYgXBl7lKdLc9o,A Cold Sunday,6icQOAFXDZKsumw3YXyusw,2024,74,2024-02-02,0.86,0.575,0.0,-3.165,76.54,0.834,High,Slow,Medium,Happy,0.4795499999999999,0.876604585590265,Very High,None,0.771320917118053
2p5LjvjZlMSxxwNUtDyG5x,All My Life,2CmaKO2zEGJ1NWpS1yfVGz,2024,74,2024-06-06,0.92,0.591,0.0,-4.135,92.009,0.472,High,Slow,Medium,Neutral,0.278952,0.8046301105587298,Very High,None,0.686226022111746
4MSj19TwYBLgDFj3ddEeco,Black Friday (pretty like the sun),7f5Zgnp2spUuuzKplmRkt7,2024,85,2024-07-19,0.618,0.853,0.89,-10.833,126.031,0.32,Medium,Medium,High,Neutral,0.27296,0.3076352303925206,Low,High,0.5519270460785042
6XaJfhwof7qIgbbXO5tIQI,Igual Que Un Ángel (with Peso Pluma),1U1el3k54VvEUzo3ybLPlM,2024,79,2024-01-12,0.592,0.695,0.000663,-5.34,108.001,0.482,Medium,Medium,Medium,Neutral,0.3349899999999999,0.715218520442235,High,Low,0.620043704088447
4U20gQcVcjzY12xhLsXwXy,GTA,0pePYDrJGk8gqMRbXrLJC8,2024,81,2024-02-29,0.755,0.723,0.0,-6.41,137.926,0.804,High,Medium,High,Happy,0.581292,0.6358239964383765,High,None,0.7338147992876752
5NU6kBZORKaoqS09mOqgXs,23,5ujvZU2thXjZgFKPUt1rDt,2024,74,2024-04-05,0.584,0.628,0.0,-7.361,87.972,0.38,Medium,Slow,Medium,Neutral,0.23864,0.5652593307115827,High,None,0.5424518661423166
1rjvXhfeSpVVqERzW8qhRw,Lone Wolf Hysteria,1VPmR4DJC1PlOtd0IADAO0,2024,73,2024-06-14,0.763,0.752,0.00874,-5.045,81.5,0.396,High,Slow,High,Neutral,0.297792,0.7371076649105885,High,Low,0.6627715329821177
5UHK1rtK4MpBGb0KppIYh4,VINO TINTO,12GqGscKJx3aE4t07u7eVZ,2024,81,2024-06-20,0.769,0.664,0.0,-5.056,134.97,0.542,High,Medium,Medium,Neutral,0.359888,0.736291459523633,High,None,0.6742082919047266
3hlGuz3loYoLfI3bpwieWq,I Hate It Here,06HL4z0CvFAxyc27GXpf02,2024,77,2024-04-19,0.562,0.485,0.0,-7.197,105.953,0.297,Medium,Medium,Medium,Sad,0.1440449999999999,0.5774282110261928,High,None,0.4757356422052385
59ixjAY05WENR6TitS0EKh,Twisting Fingers (with Moneybagg Yo),3BAgmPNIK5IJl7zMK1wvMA,2024,72,2024-03-01,0.511,0.893,0.0,-7.026,152.091,0.936,Medium,Fast,High,Happy,0.835848,0.5901164947688655,High,None,0.7476732989537731
1xUddpWyEuYl5T3mduKnOJ,Lady Killers II,02kJSzxNuaWGqwubyUba0Z,2024,80,2024-03-17,0.567,0.673,0.00506,-10.334,136.005,0.497,Medium,Medium,Medium,Neutral,0.334481,0.3446612747644135,Low,Low,0.5368322549528827
5sMEEjviCkH6Rp5X2ZvIIc,Everything is romantic,25uiPmTg16RbhZWAqwLBy5,2024,77,2024-06-07,0.638,0.485,4.13e-05,-6.962,149.99,0.421,Medium,Fast,Medium,Neutral,0.2041849999999999,0.5948653261111524,High,Low,0.5292230652222305
7s4emXHJwAuo5VvGBXmnBL,offline,3qsKSpcV3ncke3hw52JSMB,2024,84,2024-04-05,0.729,0.794,0.0,-5.424,92.967,0.54,High,Slow,High,Neutral,0.42876,0.7089856793054834,High,None,0.6972471358610967
2913xXOVAIDAqxzV2g4VcU,The Bolter,06HL4z0CvFAxyc27GXpf02,2024,76,2024-04-19,0.586,0.455,0.0,-7.978,183.694,0.481,Medium,Fast,Medium,Neutral,0.218855,0.5194776285523485,High,None,0.5071455257104697
3cKnHNL40tqnmjXiv4FOlk,Never Be Yours,1U1el3k54VvEUzo3ybLPlM,2024,75,2024-06-21,0.534,0.386,0.00206,-9.401,94.953,0.147,Medium,Slow,Low,Sad,0.056742,0.4138903316761891,Low,Low,0.3688280663352378
0rNqDh9zWWJVTLS4VfceHP,Brickell,2LRoIwlKmHjgvigdNGBHNo,2024,83,2024-04-10,0.89,0.805,0.0,-1.502,93.037,0.489,High,Slow,High,Neutral,0.393645,1.0,Very High,None,0.7862499999999999
0bBnrokPXtfwXQarqCu1Gz,Road Rage,7dGJo4pcD2V6oG8kP0tJRR,2024,76,2024-07-12,0.744,0.835,0.0,-4.485,94.984,0.328,High,Slow,High,Neutral,0.27388,0.7786599391555984,Very High,None,0.6742319878311196
3pR7ZToCrzeNkfEf6n2rVR,B.A.S. (feat. Kyle Richh),181bsRPaVXVlUKXrxwZfHK,2024,73,2024-06-28,0.761,0.71,0.0,-3.424,150.016,0.504,High,Fast,High,Neutral,0.35784,0.8573866587519479,Very High,None,0.7007273317503896
2ZAEbGGj1yXJRCoVaEn16K,Dirty (feat. Teddy Swims),2yLzlEFtIS0Q9UkyBZdQA7,2024,75,2024-08-02,0.565,0.39,0.0,-5.575,133.85,0.183,Medium,Medium,Low,Sad,0.07137,0.6977814053572754,High,None,0.443556281071455
6v9i26kpd5HeRx2XYjG3fp,Mama I Lied,5Ppie0uPnbnvGBYRwYmlt0,2024,71,2024-07-12,0.491,0.393,0.0,-5.571,139.604,0.37,Medium,Medium,Low,Neutral,0.14541,0.6980782073161684,High,None,0.4727656414632337
2yUzr8Sr6ldG8vmHhZwTnz,née-nah,1URnnhqYAYcrqrcwql10ft,2024,76,2024-01-12,0.758,0.681,0.0,-6.524,165.409,0.331,High,Fast,Medium,Neutral,0.225411,0.6273651406099281,High,None,0.6020230281219856
2BMlaVJaHDGd3ODSyrB2VK,Brillarosa,0ys2OFYzWYB5hRDLCsBqxt,2024,78,2024-02-09,0.782,0.771,1.25e-06,-5.841,125.027,0.839,High,Medium,High,Happy,0.646869,0.6780440750908956,High,Low,0.7721588150181791
3t6gUcGYLrUuqwpXjOFWQc,I Never Lie,4FGPzWzgjURDNT7JQ8pYgH,2024,71,2024-04-05,0.641,0.782,0.00923,-6.431,107.997,0.522,Medium,Medium,High,Neutral,0.408204,0.6342657861541887,High,Low,0.6522031572308378
3zMDGj4D8ogaYgAIZPeU7S,Peter,06HL4z0CvFAxyc27GXpf02,2024,77,2024-04-19,0.376,0.342,0.0,-8.212,176.859,0.29,Low,Fast,Low,Sad,0.09918,0.5021147139571122,High,None,0.3695229427914224
5jFA0f4ZDGLbQP4nxzL8D4,HAY LUPITA,2rMFPjySMqkgBajkLKL6zo,2024,85,2024-03-28,0.583,0.845,0.000459,-3.455,145.078,0.903,Medium,Fast,High,Happy,0.763035,0.8550864435705277,Very High,Low,0.7960172887141055
2nRMW95dnOILirpjbksLTs,Never Let Go,6HaGTQPmzraVmaVxvz6EUc,2024,86,2024-06-07,0.773,0.664,1.49e-05,-4.32,129.884,0.173,High,Medium,Medium,Sad,0.114872,0.7909030199599318,Very High,Low,0.5938806039919864
28xOPIPw0joNPwYd0asIT5,Fried (She a Vibe),1RyvyyTE3xzB2ZywiAwp0i,2024,73,2024-03-22,0.688,0.833,0.0,-4.581,145.03,0.375,Medium,Fast,High,Neutral,0.3123749999999999,0.7715366921421682,Very High,None,0.6699573384284336
3QS9ZCtoSCJhmaJ7QNXSAS,act ii: date @ 8 (feat. Drake) - remix,5fi7lIgJGH3RgUpJYcffQ7,2024,76,2024-03-08,0.545,0.55,0.0,-9.304,102.469,0.412,Medium,Medium,Medium,Neutral,0.2266,0.4210877791793426,Low,None,0.4884675558358685
6WEXy56jM0Nl3bZHY9l7aH,Tough Love,4tuJ0bMpJh08umKkEXKUI5,2024,75,2024-06-21,0.716,0.554,0.0,-4.334,89.873,0.664,High,Slow,Medium,Happy,0.367856,0.7898642131038065,Very High,None,0.6691728426207613
1YsU8rW2u8z4F0pwOBQ4Ea,feelslikeimfallinginlove,4gzpq5DPGxSnKTe4SA8HAU,2024,85,2024-06-21,0.515,0.629,0.00751,-7.503,121.154,0.339,Medium,Medium,Medium,Neutral,0.213231,0.5547228611708838,High,Low,0.5131445722341768
6PmqCt2fO80OojY5eGS2X3,Mr Pot Scraper,23xFbA9rYgRX8mreqysWPc,2024,72,2024-02-23,0.491,0.782,0.0,-7.179,159.945,0.304,Medium,Fast,High,Neutral,0.237728,0.578763819841211,High,None,0.5491027639682422
7ovB5FvDwq1g7AG9ICYaNY,overseas,3gBZUcNeVumkeeJ19CY2sX,2024,74,2024-04-12,0.776,0.484,0.0,-3.485,150.876,0.139,High,Fast,Medium,Sad,0.067276,0.8528604288788306,Very High,None,0.5445220857757661
15qnOSRK5HMWOgL5HURhrc,Bad One,7dGJo4pcD2V6oG8kP0tJRR,2024,76,2024-07-12,0.724,0.917,0.0,-4.877,145.775,0.484,High,Fast,High,Neutral,0.443828,0.7495733471840915,High,None,0.7270146694368183
1rmEsOezwf2lmIZTMAO5Ag,Chloe or Sam or Sophia or Marcus,06HL4z0CvFAxyc27GXpf02,2024,76,2024-04-19,0.451,0.516,0.0,-8.552,70.266,0.218,Medium,Slow,Medium,Sad,0.112488,0.4768865474512133,Low,None,0.4174273094902426
0tXFWZC3ZF44vgi0h2o4iI,Mirada,6PH3FLQAxtqYy46Zv08bpV,2024,75,2024-07-19,0.393,0.69,0.0023,-10.255,95.008,0.225,Low,Slow,Medium,Sad,0.15525,0.3505231134525488,Low,Low,0.4316046226905098
6i8MbzVn4nzyjUcSoVcz7B,Armageddon,6YVMFz59CuY7ngCxTxjpxE,2024,78,2024-05-27,0.789,0.695,1.39e-06,-2.05,91.991,0.469,High,Slow,Medium,Neutral,0.3259549999999999,0.9593381316316688,Very High,Low,0.7148676263263338
3mEzpEGoKm3D3gLwnPMBP3,Like Ida,40ZNYROS4zLfyyBSs2PGe2,2024,71,2024-07-04,0.319,0.603,0.0,-7.536,110.713,0.227,Low,Medium,Medium,Sad,0.136881,0.5522742450100172,High,None,0.4278548490020034
30tk4sJS9DadhmnWDRv0hW,Northern Thunder,40ZNYROS4zLfyyBSs2PGe2,2024,71,2024-07-04,0.409,0.566,1.16e-05,-7.152,129.363,0.329,Low,Medium,Medium,Neutral,0.186214,0.5807672330637382,High,Low,0.4704534466127476
1YvT4ml5LQM8ZYcLvqsAkD,Remember Him That Way,718COspgdWOnwOFpJHRZHS,2024,73,2024-06-14,0.689,0.532,4.39e-05,-8.12,171.904,0.525,Medium,Fast,Medium,Neutral,0.2793,0.5089411590116496,High,Low,0.5648882318023298
1Rweq7vNjK4kZBbGrmxQsl,bye,66CXWjxzNUsdJxJ2JdwvnR,2024,78,2024-03-08,0.645,0.606,0.0,-4.835,110.016,0.453,Medium,Medium,Medium,Neutral,0.274518,0.7526897677524673,Very High,None,0.6068379535504935
5D34wRmbFS29AjtTOP2QJe,"yes, and?",66CXWjxzNUsdJxJ2JdwvnR,2024,79,2024-03-08,0.775,0.787,6.54e-05,-6.614,118.998,0.787,High,Medium,High,Happy,0.6193690000000001,0.6206870965348372,High,Low,0.7507374193069675
