track_id,track_name,artist_id,year,energy,danceability,instrumentalness,loudness,tempo,valence,energy_category,tempo_category,danceability_category,valence_category,danceability_valence_interaction,loudness_scaled,loudness_category,instrumentalness_category,custom_score
2Dct3GykKZ58hpWRFfe2Qd,Heading South,40ZNYROS4zLfyyBSs2PGe2,2019,0.246,0.68,0.0,-14.112,110.23,0.388,Low,Medium,Medium,Neutral,0.26384,0.6381577003751957,High,None,0.4901315400750392
1BxfuPKGuaTgP7aM0Bbdwr,Cruel Summer,06HL4z0CvFAxyc27GXpf02,2019,0.702,0.552,2.06e-05,-5.707,169.994,0.564,High,Fast,Medium,Neutral,0.311328,0.8864663653283701,Very High,Low,0.659393273065674
7aEtlGHoiPAfRB084NiDmx,Beer Never Broke My Heart,718COspgdWOnwOFpJHRZHS,2019,0.863,0.538,0.0,-4.483,77.001,0.637,High,Slow,Medium,Happy,0.342706,0.9226269609146504,Very High,None,0.7209253921829301
0fCwTrRNfoNk962ati8n2K,All Your'n,13ZEDW6vyBF12HYcZRr4EV,2019,0.55,0.585,3.97e-05,-7.342,78.176,0.839,Medium,Slow,Medium,Happy,0.4908149999999999,0.8381636089692458,Very High,Low,0.6903827217938492
7cA3PnUQDlUyBBwpRozQeo,One Man Band,6y8XlgIV8BLlIg1tT1R10i,2019,0.358,0.706,0.0,-8.331,75.991,0.478,Medium,Slow,High,Neutral,0.337468,0.8089456113917693,Very High,None,0.5825891222783539
1aXV8GrmQLvgoFtBPERP7E,Jealous,3XxNRirzbjfLdDli06zMaB,2019,0.921,0.474,0.85,-10.431,93.01,0.696,High,Slow,Medium,Happy,0.329904,0.7469053738662885,High,High,0.6958310747732577
21jGcNKet2qwijlDFuPiPb,Circles,246dkjvS1zLTtiykXe5h60,2019,0.763,0.695,0.00242,-3.497,120.042,0.551,High,Medium,Medium,Neutral,0.382945,0.951756329581376,Very High,Low,0.7273512659162753
5hVghJ4KaYES3BFUATCYn0,EARFQUAKE,4V8LLVI7PbaPR0K2TGSxFF,2019,0.498,0.554,5.98e-06,-8.866,79.635,0.413,Medium,Slow,Medium,Neutral,0.228802,0.7931401223078969,Very High,Low,0.5525780244615794
0RiRZpuVRbi7oqRdSMwhQY,Sunflower - Spider-Man: Into the Spider-Verse,246dkjvS1zLTtiykXe5h60,2019,0.522,0.755,0.0,-4.368,89.96,0.925,Medium,Slow,High,Happy,0.6983750000000001,0.9260244024934268,Very High,None,0.7734548804986853
1dGr1c8CrMLDpV6mPbImSI,Lover,06HL4z0CvFAxyc27GXpf02,2019,0.543,0.359,1.58e-05,-7.582,68.534,0.453,Medium,Slow,Low,Neutral,0.162627,0.8310732961091908,Very High,Low,0.5229146592218382
7EAMXbLcL0qXmciM5SwMh2,Heart To Heart,3Sz7ZnJQBIHsXLUSo0OQtM,2019,0.136,0.901,0.354,-16.127,150.076,0.643,Low,Fast,High,Happy,0.579343,0.5786286153209844,High,Medium,0.5807757230641969
6UelLqGlWMcVH1E5c4H7lY,Watermelon Sugar,6KImCVD70vtIoJWnq6nGn3,2019,0.816,0.548,0.0,-4.209,95.39,0.557,High,Slow,Medium,Neutral,0.305236,0.9307217347632132,Very High,None,0.6937943469526426
3eekarcy7kvN4yt5ZFzltW,HIGHEST IN THE ROOM,0Y5tJX1MQlPlqiwlOH1tJY,2019,0.427,0.598,5.83e-06,-8.764,76.469,0.0605,Medium,Slow,Medium,Sad,0.0361789999999999,0.7961535052734202,Very High,Low,0.460505701054684
7qEHsqek33rTcFNT9PFqLf,Someone You Loved,4GNC7GD6oZMSxPGyXy4MNB,2019,0.405,0.501,0.0,-5.679,109.891,0.446,Medium,Medium,Medium,Neutral,0.223446,0.8872935684953766,Very High,None,0.5405087136990753
51Grh1RyUDcMBbpuyUIUHI,rises the moon,5zVu34ozw0BzXIcNHqkO0u,2019,0.129,0.483,0.145,-20.149,137.35,0.203,Low,Medium,Medium,Sad,0.098049,0.4598067889745635,Low,Low,0.3198613577949127
5TxRUOsGeWeRl3xOML59Ai,ARE WE STILL FRIENDS?,4V8LLVI7PbaPR0K2TGSxFF,2019,0.497,0.216,2.39e-06,-8.025,187.308,0.313,Medium,Fast,Low,Neutral,0.067608,0.8179857602883394,Very High,Low,0.4308971520576679
1lOe9qE0vR9zwWQAOk6CoO,Ransom,4Ga1P7PMIsmqEZqhYZQgDo,2019,0.642,0.745,0.0,-6.257,179.974,0.226,Medium,Fast,High,Sad,0.16837,0.8702177316907442,Very High,None,0.6145435463381489
0nbXyq5TXYPCO7pr3N8S4I,The Box,757aE44tKEUQEqRuT6GnEB,2019,0.586,0.896,0.0,-6.687,116.971,0.642,Medium,Medium,High,Happy,0.5752320000000001,0.8575142544831458,Very High,None,0.7473028508966292
2vWBUC9djv6BtiGlmKiQaH,YKWIM?,6FugQjLquBF4JzATRN70bR,2019,0.537,0.372,0.873,-7.623,123.735,0.228,Medium,Medium,Low,Sad,0.084816,0.8298620343289315,Very High,High,0.4688224068657863
3p4hRhMcb6ch8OLtATMaLw,Cry,1QAJqy2dA3ihHBFIHRphZj,2019,0.398,0.408,0.654,-10.448,142.834,0.165,Medium,Fast,Medium,Sad,0.06732,0.7464031433720346,High,Medium,0.4124306286744069
0TZejo18HlJ86OrWNsXKnw,Mrs Magic,1AbJ2cmwK400LSvdvBL5Jc,2019,0.634,0.471,0.365,-7.406,132.542,0.366,Medium,Medium,Medium,Neutral,0.1723859999999999,0.8362728588732311,Very High,Medium,0.5585545717746462
57RA3JGafJm5zRtKJiKPIm,Are You Bored Yet? (feat. Clairo),0NIPkIjTV8mB795yEIiPYL,2019,0.683,0.682,2.32e-05,-6.444,120.023,0.64,High,Medium,Medium,Happy,0.43648,0.8646931962539514,Very High,Low,0.7082886392507903
2JvzF1RMd7lE3KmFlsyZD8,MIDDLE CHILD,6l3HvQ5sa6mXTsMTB19rO5,2019,0.364,0.837,0.0,-11.713,123.984,0.463,Medium,Medium,High,Neutral,0.387531,0.709031286005495,High,None,0.599656257201099
37zuIvk4KBkAxxLJsxJaHq,Would That I,2FXC3k01G6Gw61bmprjgqS,2019,0.526,0.521,0.00537,-6.032,130.694,0.502,Medium,Medium,Medium,Neutral,0.261542,0.8768648999970456,Very High,Low,0.5886729799994092
5FkoSXiJPKTNyYgALRJFhD,ORANGE SODA,5SXuuuRpukkTvsLuUknva1,2019,0.564,0.83,0.0,-7.822,85.042,0.107,Medium,Slow,High,Sad,0.08881,0.8239829832491359,Very High,None,0.5815465966498271
0fea68AdmYNygeTGI4RC18,LA CANCIÓN,1vyhD5VmyZ7KMfW5gqLgo5,2019,0.646,0.756,1.81e-05,-5.795,176.088,0.429,High,Fast,High,Neutral,0.324324,0.88386658394635,Very High,Low,0.6723233167892699
7cLnbmx7ZUWAwyocrKz3wL,Let Go,2rwALQ1SXdfUWPUd6WOfYS,2019,0.498,0.87,0.0,-8.339,110.017,0.692,Medium,Medium,High,Happy,0.6020399999999999,0.8087092676297675,Very High,None,0.7202418535259535
7xQAfvXzm3AkraOtGPWIZg,Wow.,246dkjvS1zLTtiykXe5h60,2019,0.538,0.829,1.88e-06,-7.359,99.952,0.389,Medium,Slow,High,Neutral,0.322481,0.8376613784749919,Very High,Low,0.6479822756949984
43zdsphuZLzwA9k4DJhU0I,when the party's over,6qqNVTkY8uBg9cP3Jd7DAH,2019,0.111,0.367,3.97e-05,-14.084,82.642,0.198,Low,Slow,Low,Sad,0.072666,0.6389849035422022,High,Low,0.3151469807084405
5IgjP7X4th6nMNDh4akUHb,Under The Influence,7bXgB6jMjp9ATFy66eO08Z,2019,0.562,0.755,0.000231,-8.947,116.931,0.368,Medium,Medium,High,Neutral,0.27784,0.7907471417176284,Very High,Low,0.6171494283435257
3RauEVgRgj1IuWdJ9fDs70,The Man,06HL4z0CvFAxyc27GXpf02,2019,0.658,0.777,0.0,-5.191,110.048,0.633,High,Medium,High,Happy,0.491841,0.9017105379774882,Very High,None,0.7361921075954976
58k32my5lKofeZRtIvBDg9,HONEST,5SXuuuRpukkTvsLuUknva1,2019,0.536,0.676,3.37e-05,-8.79,79.037,0.373,Medium,Slow,Medium,Neutral,0.252148,0.7953853880469143,Very High,Low,0.5891270776093829
5oady7OSE7dH7LHiqmb3Cr,"Dreams, Fairytales, Fantasies (feat. Brent Faiyaz & Salaam Remi)",5dHt1vcEm9qb8fCyLcB3HL,2019,0.597,0.737,0.0,-7.333,92.049,0.449,Medium,Slow,High,Neutral,0.330913,0.8384294957014978,Very High,None,0.6502858991402996
0fv2KH6hac06J86hBUTcSf,NEW MAGIC WAND,4V8LLVI7PbaPR0K2TGSxFF,2019,0.73,0.621,0.000131,-5.414,139.566,0.464,High,Medium,Medium,Neutral,0.288144,0.8951224556116872,Very High,Low,0.6638244911223374
5Apvsk0suoivI1H8CmBglv,Almost (Sweet Music),2FXC3k01G6Gw61bmprjgqS,2019,0.687,0.523,2.86e-06,-5.601,90.036,0.711,High,Slow,Medium,Happy,0.371853,0.8895979201748944,Very High,Low,0.6843195840349788
3jjujdWJ72nww5eGnfs2E7,Adore You,6KImCVD70vtIoJWnq6nGn3,2019,0.771,0.676,7e-06,-3.675,99.048,0.569,High,Slow,Medium,Neutral,0.384644,0.9464976808768354,Very High,Low,0.7270995361753672
6UFivO2zqqPFPoQYsEMuCc,Bags,3l0CmX0FuQjFxr8SK7Vqag,2019,0.546,0.742,0.38,-7.694,104.996,0.868,Medium,Medium,High,Happy,0.644056,0.8277644834411652,Very High,Medium,0.741652896688233
3a3dQOO19moXPeTt2PomoT,What You Heard,2ICR2m4hOBPhaYiZB3rnLW,2019,0.371,0.429,5.71e-06,-9.017,137.134,0.135,Medium,Medium,Medium,Sad,0.057915,0.7886791338001122,Very High,Low,0.4129358267600224
5WbfFTuIldjL9x7W6y5l7R,Kingston,5szilpXHcwOqnyKLqGco5j,2019,0.355,0.73,0.00155,-9.13,142.143,0.56,Medium,Fast,High,Neutral,0.4088,0.7853407781618365,Very High,Low,0.6048181556323673
3wwo0bJvDSorOpNfzEkfXx,Let Me Know (I Wonder Why Freestyle),4MCBfE4596Uoi2O4DtmEMz,2019,0.537,0.635,0.0,-7.895,125.028,0.383,Medium,Medium,Medium,Neutral,0.243205,0.8218263464208692,Very High,None,0.5848652692841738
2mdEsXPu8ZmkHRRtAdC09e,Cinnamon Girl,00FQb4jTyendYWaN8pK0wa,2019,0.337,0.294,0.414,-10.614,91.781,0.135,Medium,Slow,Low,Sad,0.03969,0.7414990103104966,High,Medium,0.3544998020620993
6WuVLG5DRHKKuJ6deCw28p,Condemned,40ZNYROS4zLfyyBSs2PGe2,2019,0.15,0.616,0.0,-13.517,126.462,0.345,Low,Medium,Medium,Neutral,0.21252,0.655735767674082,High,None,0.4396971535348164
6qL5UWxRSQYml9O99ozoLv,Love Songs - Bonus,0f2YkMXwFNJNSX7MymevKE,2019,0.355,0.64,0.000938,-10.599,120.063,0.451,Medium,Medium,Medium,Neutral,0.28864,0.7419421548642501,High,Low,0.54188843097285
23TwR29GSeJBfXnXhmDlwR,"Crazy Story, Pt. 3",6QtgPSJPSzcnn7dPZ4VINp,2019,0.73,0.729,4.33e-05,-5.14,156.953,0.41,High,Fast,High,Neutral,0.29889,0.90321722946025,Very High,Low,0.6843434458920501
6iaSML1PIYq936g62BDtBq,Robbery,4MCBfE4596Uoi2O4DtmEMz,2019,0.692,0.623,0.0,-5.122,79.899,0.566,High,Slow,Medium,Neutral,0.352618,0.903749002924754,Very High,None,0.6821498005849508
7B3z0ySL9Rr0XvZEAjWZzM,Sofia,3l0CmX0FuQjFxr8SK7Vqag,2019,0.619,0.744,0.00372,-9.805,112.997,0.641,Medium,Medium,High,Happy,0.476904,0.7653992732429319,Very High,Low,0.6912798546485864
6gdLyYNuhWBzqwlOFSsXC7,Better Together,718COspgdWOnwOFpJHRZHS,2019,0.225,0.552,0.0,-11.501,138.002,0.67,Low,Medium,Medium,Happy,0.36984,0.7152943956985436,High,None,0.5324088791397087
6RRNNciQGZEXnqk8SQ9yv5,You Need To Calm Down,06HL4z0CvFAxyc27GXpf02,2019,0.671,0.771,0.0,-5.617,85.026,0.714,High,Slow,High,Happy,0.550494,0.8891252326508907,Very High,None,0.7553750465301782
226le7T3p82reYWzsi9Hsz,"1, 2 Many",718COspgdWOnwOFpJHRZHS,2019,0.821,0.54,0.0,-3.789,148.798,0.685,High,Fast,Medium,Happy,0.3699,0.9431297822683092,Very High,None,0.7271259564536618
03eJ2DclFWXYU8GWgANdmZ,bad vibes forever (feat. PnB Rock & Trippie Redd),15UsOTVnJzReFVN1VCnxy4,2019,0.526,0.8,0.00174,-5.153,129.874,0.746,Medium,Medium,High,Happy,0.5968,0.902833170846997,Very High,Low,0.7385666341693995
3ZCTVFBt2Brf31RLEnCkWJ,everything i wanted,6qqNVTkY8uBg9cP3Jd7DAH,2019,0.225,0.704,0.657,-14.454,120.006,0.243,Low,Medium,High,Sad,0.1710719999999999,0.6280540045496175,High,Medium,0.4538108009099234
3RKLJPyyMZfwebsePAzqjL,"I'm Good Luv, Enjoy.",2rwALQ1SXdfUWPUd6WOfYS,2019,0.586,0.891,0.0,-4.665,130.012,0.954,Medium,Medium,High,Happy,0.8500139999999999,0.9172501403291088,Very High,None,0.8357500280658217
6ocbgoVGwYJhOv1GgI9NsF,7 rings,66CXWjxzNUsdJxJ2JdwvnR,2019,0.317,0.777,0.0,-10.732,139.848,0.33,Low,Medium,High,Neutral,0.25641,0.7380129398209696,High,None,0.5424525879641939
59tskctgqUmjCWAwhzYAFm,Looking at Me,74KM79TiuVKeVCqs8QtB0B,2019,0.798,0.681,5.11e-06,-4.367,105.99,0.516,High,Medium,Medium,Neutral,0.351396,0.9260539454636768,Very High,Low,0.7180107890927354
2gMXnyrvIjhVBUZwvLZDMP,Before You Go,4GNC7GD6oZMSxPGyXy4MNB,2019,0.574,0.459,0.0,-4.857,111.881,0.183,Medium,Medium,Medium,Sad,0.083997,0.9115778900410648,Very High,None,0.5092655780082129
4aGG4VOWGv9RwlYQNsBrkE,Caught Up In The Country,2qgvmDsc4jrqbAbjq1HGM2,2019,0.807,0.603,0.0,-6.999,124.099,0.685,High,Medium,Medium,Happy,0.413055,0.8482968477650743,Very High,None,0.7235593695530149
1qYKWcEOrh2tM8PlgIm8K1,Sunday Best,4ETSs924pXMzjIeD6E9b4u,2019,0.555,0.869,0.0,-5.984,112.003,0.738,Medium,Medium,High,Happy,0.641322,0.8782829625690567,Very High,None,0.7596065925138114
2Fxmhks0bxGSBdJ92vM42m,bad guy,6qqNVTkY8uBg9cP3Jd7DAH,2019,0.425,0.701,0.13,-10.965,135.128,0.562,Medium,Medium,High,Neutral,0.393962,0.7311294277526663,High,Low,0.6032758855505332
6klLvorLoo1sxvZcjJIY8I,Make No Sense,7wlFDEWiM5OoIAt8RSli8b,2019,0.733,0.876,0.0,-4.478,154.904,0.962,High,Fast,High,Happy,0.842712,0.9227746757659014,Very High,None,0.8711049351531803
60ynsPSSKe6O3sfwRnIBRf,Streets,5cj0lLjcoR7YOSnhnX0Po5,2019,0.463,0.749,0.0382,-8.433,90.035,0.189,Medium,Slow,High,Sad,0.141561,0.805932228426246,Very High,Low,0.5488864456852491
1170VohRSx6GwE6QDCHPPH,Kilby Girl,6p2HnfM955TI1bX34dkLnI,2019,0.444,0.329,0.0352,-9.973,162.279,0.225,Medium,Fast,Low,Sad,0.074025,0.7604360542408934,Very High,Low,0.4180372108481787
4GeyPGMzh6VwdNcaCufY9f,God Speed,40ZNYROS4zLfyyBSs2PGe2,2019,0.0819,0.583,0.0,-15.249,79.385,0.167,Low,Slow,Medium,Sad,0.097361,0.6045673432006854,High,None,0.358038468640137
2xyx0o4xNOLLjBSbOOdcbA,Playing Games (with Bryson Tiller) - Extended Version,57LYzLEk2LcFghVwuWbcuS,2019,0.408,0.726,0.0,-6.606,115.918,0.459,Medium,Medium,High,Neutral,0.333234,0.8599072350734143,Very High,None,0.6065314470146829
3zksbXteOCeSusJ5Xltr3t,Bubble Gum,3l0CmX0FuQjFxr8SK7Vqag,2019,0.0167,0.509,2.72e-05,-24.639,207.97,0.229,Low,Fast,Medium,Sad,0.116561,0.3271588525510356,Low,Low,0.2795567705102071
6CcJMwBtXByIz4zQLzFkKc,i love you,6qqNVTkY8uBg9cP3Jd7DAH,2019,0.131,0.421,0.00453,-18.435,137.446,0.12,Low,Medium,Medium,Sad,0.0505199999999999,0.510443439983456,High,Low,0.2911386879966912
214nt20w5wOxJnY462klLw,Miss Americana & The Heartbreak Prince,06HL4z0CvFAxyc27GXpf02,2019,0.747,0.662,0.00615,-6.926,150.088,0.487,High,Fast,Medium,Neutral,0.322394,0.850453484593341,Very High,Low,0.6771906969186682
0rVJ6v23RQozOIvr1YotJP,Hell N Back,3K2Srho6NCF3o9MswGR76H,2019,0.684,0.633,8.95e-05,-4.314,209.688,0.725,High,Fast,Medium,Happy,0.4589249999999999,0.9276197228869392,Very High,Low,0.7276739445773879
1hz7SRTGUNAtIQ46qiNv2p,"GONE, GONE / THANK YOU",4V8LLVI7PbaPR0K2TGSxFF,2019,0.492,0.518,0.0012,-8.436,78.848,0.471,Medium,Slow,Medium,Neutral,0.243978,0.8058435995154953,Very High,Low,0.5573187199030991
6oEVnWKgPqIEPc53OYDNqG,Could've Been (feat. Bryson Tiller),3Y7RZ31TRPVadSFVy1o8os,2019,0.352,0.45,3.8e-06,-11.733,102.679,0.408,Medium,Medium,Medium,Neutral,0.1835999999999999,0.7084404266004904,High,Low,0.4666880853200981
0Oqc0kKFsQ6MhFOLBNZIGX,Doin' Time,00FQb4jTyendYWaN8pK0wa,2019,0.559,0.641,0.00402,-11.132,144.982,0.523,Medium,Fast,Medium,Neutral,0.335243,0.726195751720878,High,Low,0.6080391503441755
22vgEDb5hykfaTwLuskFGD,Sucker,7gOdHgIoIKoe4i9Tta6qdD,2019,0.734,0.842,0.0,-5.065,137.958,0.952,High,Medium,High,Happy,0.801584,0.9054329522290172,Very High,None,0.8551865904458034
6bLU8e0LGyztE9iD5DWBQ1,Hallucinogenics,7gHscNMDI8FF8pcgrV8eIn,2019,0.653,0.549,0.0,-7.47,121.348,0.287,High,Medium,Medium,Sad,0.157563,0.8343821087772165,Very High,None,0.5665764217554433
4y5bvROuBDPr5fuwXbIBZR,Paper Rings,06HL4z0CvFAxyc27GXpf02,2019,0.719,0.811,1.36e-05,-6.553,103.979,0.865,High,Medium,High,Happy,0.701515,0.8614730124966764,Very High,Low,0.8115946024993352
0MnTkIEP4zZN1IUSu8MvIz,Tek It - Sped Up,581C5Qwl87TskfBEzuoisu,2019,0.95,0.348,9.68e-06,-5.049,168.964,0.377,High,Fast,Low,Neutral,0.1311959999999999,0.9059056397530209,Very High,Low,0.6173311279506042
5qdQPrWmZv8xYhMJCDrdHF,Heartache Medication,4MoAOfV4ROWofLG3a3hhBN,2019,0.791,0.62,0.0,-3.343,95.075,0.734,High,Slow,Medium,Happy,0.45508,0.9563059469999112,Very High,None,0.7585111893999823
4GssB27iJeqmfGxS94Tfij,Popular Monster,2CmaKO2zEGJ1NWpS1yfVGz,2019,0.897,0.461,0.0,-3.982,165.107,0.358,High,Fast,Medium,Neutral,0.165038,0.937427989010015,Very High,None,0.6395355978020031
4S4Mfvv03M1cHgIOJcbUCL,In My Room,2h93pZq0e7k5yf4dywlkpM,2019,0.647,0.861,0.661,-7.425,158.037,0.67,High,Fast,High,Happy,0.57687,0.8357115424384768,Very High,Medium,0.7546923084876954
6uFn47ACjqYkc0jADwEdj1,Pop Out (feat. Lil Tjay),6AgTAQt8XS6jRWi4sX7w49,2019,0.639,0.772,0.0,-7.119,168.112,0.261,Medium,Fast,High,Sad,0.201492,0.8447516913350468,Very High,None,0.6255503382670093
3cxZT78mZDyLsLPJKcTu3U,Right Side of My Neck,5szilpXHcwOqnyKLqGco5j,2019,0.515,0.716,0.000249,-9.073,117.039,0.315,Medium,Medium,High,Neutral,0.22554,0.7870247274660994,Very High,Low,0.5797049454932199
79s5XnCN4TJKTVMSmOx8Ep,Dior,0eDvMgVFoNV3TpwtrVCoTj,2019,0.805,0.548,0.000405,-5.732,142.096,0.649,High,Fast,Medium,Happy,0.355652,0.8857277910721144,Very High,Low,0.7050455582144229
7CZyCXKG6d5ALeq41sLzbw,Take What You Want (feat. Ozzy Osbourne & Travis Scott),246dkjvS1zLTtiykXe5h60,2019,0.8,0.498,0.0,-2.665,139.918,0.272,High,Medium,Medium,Sad,0.135456,0.9763360808295666,Very High,None,0.6126672161659134
0t3ZvGKlmYmVsDzBJAXK8C,Goodbyes (feat. Young Thug),246dkjvS1zLTtiykXe5h60,2019,0.653,0.547,0.0,-3.875,150.097,0.163,High,Fast,Medium,Sad,0.089161,0.9405890868267897,Very High,None,0.556217817365358
5QvBXUm5MglLJ3iBfTX2Wo,RUNNING OUT OF TIME,4V8LLVI7PbaPR0K2TGSxFF,2019,0.391,0.36,0.000406,-10.6,84.281,0.162,Medium,Slow,Low,Sad,0.05832,0.7419126118939998,High,Low,0.3946325223788
4Wjhj0WjkyECccfHVIgaTq,Trust Issues,3TVXtAsR1Inumwj472S9r4,2019,0.539,0.421,0.0,-5.456,89.177,0.523,Medium,Slow,Medium,Neutral,0.220183,0.8938816508611775,Very High,None,0.5705763301722355
3T06rGO2dVEntMvym0vpQu,Empty,4MCBfE4596Uoi2O4DtmEMz,2019,0.561,0.746,0.0,-4.869,77.535,0.463,Medium,Slow,High,Neutral,0.345398,0.911223374398062,Very High,None,0.6620446748796124
3f9Mzvd3URfbbIJBX4pz9Z,Phone Numbers,6USv9qhCn6zfxlBQIYJ9qs,2019,0.539,0.884,0.0,-6.389,85.008,0.776,Medium,Slow,High,Happy,0.685984,0.866318059617714,Very High,None,0.7672136119235428
5MPPttjfGap2C6j6eKcO6J,Baby (Lil Baby feat. DaBaby),6i392l38cR3uBPF0DbNs7S,2019,0.463,0.97,0.0,-7.259,108.003,0.46,Medium,Medium,High,Neutral,0.4462,0.8406156755000147,Very High,None,0.689873135100003
6K4336phprB3Mj8qwYxibR,Snow,40ZNYROS4zLfyyBSs2PGe2,2019,0.0736,0.557,0.0,-15.741,155.294,0.196,Low,Fast,Medium,Sad,0.109172,0.5900322018375728,High,None,0.3525064403675145
7qHNSOvoAZc7SdeJClZJbq,Kid Cudi - Remix,3uo0ix4Y67XHVWBhXXIY1S,2019,0.779,0.792,0.000409,-8.757,159.963,0.406,High,Fast,High,Neutral,0.321552,0.7963603060651718,Very High,Low,0.6931220612130344
4guBZjUyrGoHsTahO3IHdj,Did It Again,4Ga1P7PMIsmqEZqhYZQgDo,2019,0.561,0.686,0.0,-9.929,148.775,0.186,Medium,Fast,Medium,Sad,0.127596,0.7617359449319034,Very High,None,0.5448971889863807
6XHVuErjQ4XNm6nDPVCxVX,No Guidance (feat. Drake),7bXgB6jMjp9ATFy66eO08Z,2019,0.454,0.696,0.0,-6.756,92.928,0.136,Medium,Slow,Medium,Sad,0.094656,0.85547578953588,Very High,None,0.527395157907176
61OJxhoY3Ix50rYVKo8zRK,Can I Call You Tonight?,6eJa3zG1QZLRB3xgRuyxbm,2019,0.842,0.641,0.911,-7.27,129.978,0.499,High,Medium,Medium,Neutral,0.319859,0.8402907028272623,Very High,High,0.6956081405654524
3QzAOrNlsabgbMwlZt7TAY,Ballin' (with Roddy Ricch),0YinUQ50QDB7ZxSCLyQ40k,2019,0.545,0.809,0.0,-6.678,97.008,0.244,Medium,Slow,High,Sad,0.197396,0.8577801412153978,Very High,None,0.6115060282430795
1ZMiCix7XSAbfAJlEZWMCp,Falling,6KImCVD70vtIoJWnq6nGn3,2019,0.267,0.567,1.46e-06,-6.502,110.011,0.0592,Low,Medium,Medium,Sad,0.0335663999999999,0.8629797039794381,Very High,Low,0.4242459407958876
1B62o4CbdL9ckGvwsz2cgn,Where's My Love,6AyATGg7mDgBlZ4N5uNog0,2019,0.36,0.604,0.0343,-10.109,103.985,0.37,Medium,Medium,Medium,Neutral,0.2234799999999999,0.7564182102868622,Very High,Low,0.5149836420573725
6EtKlIQmGPB9SX8UjDJG5s,Formula,2feDdbD5araYcm6JhFHHw7,2019,0.664,0.574,0.0553,-6.068,144.654,0.226,High,Fast,Medium,Sad,0.129724,0.8758013530680375,Very High,Low,0.5698602706136076
4Of7rzpRpV1mWRbhp5rAqG,Bruises,4GNC7GD6oZMSxPGyXy4MNB,2019,0.308,0.736,0.0,-7.83,111.202,0.361,Low,Medium,High,Neutral,0.265696,0.823746639487134,Very High,None,0.5527993278974268
7grWGhX8SHNmyGOkMNVMCt,There Was This Girl,2QMsj4XJ7ne2hojxt6v5eb,2019,0.877,0.616,2.56e-06,-4.223,127.981,0.94,High,Medium,Medium,Happy,0.57904,0.9303081331797098,Very High,Low,0.825111626635942
4e0FYxSROat25pH16zMTZI,Love Me,4Ga1P7PMIsmqEZqhYZQgDo,2019,0.538,0.719,0.0,-6.897,204.132,0.803,Medium,Fast,High,Happy,0.577357,0.8513102307305976,Very High,None,0.7212120461461194
2beS6dD5rovBxSA1zYoSHR,No Me Conoce - Remix,6nVcHLIgY5pE2YCl8ubca1,2019,0.787,0.804,0.0,-3.824,91.974,0.562,High,Slow,High,Neutral,0.4518480000000001,0.9420957783095512,Very High,None,0.7668691556619103
2VKHWIONh47ntN7wyoSxEQ,The Grinch,6Xgp2XMz1fhVYe7i6yNAax,2019,0.496,0.721,0.000101,-6.296,81.499,0.18,Medium,Slow,High,Sad,0.1297799999999999,0.8690655558509852,Very High,Low,0.559113111170197
4hm33jVolpa22nzhlY72jD,Intermission,1AbJ2cmwK400LSvdvBL5Jc,2019,0.418,0.444,0.823,-7.219,98.958,0.236,Medium,Slow,Medium,Sad,0.104784,0.8417973943100239,Very High,High,0.4650594788620047
5aJ1M43pinROpwaPnO8KRj,Amor Tumbado,0elWFr7TW8piilVRYJUe4P,2019,0.715,0.576,2.85e-06,-5.755,199.942,0.497,High,Fast,Medium,Neutral,0.2862719999999999,0.8850483027563592,Very High,Low,0.6528096605512719
3NRql0A1Ef4RCvT473iqgD,Hell N Back,3K2Srho6NCF3o9MswGR76H,2019,0.684,0.633,8.95e-05,-4.314,209.688,0.725,High,Fast,Medium,Happy,0.4589249999999999,0.9276197228869392,Very High,Low,0.7276739445773879
7sWRlDoTDX8geTR8zzr2vt,Hollywood's Bleeding,246dkjvS1zLTtiykXe5h60,2019,0.646,0.405,0.0,-3.206,130.218,0.17,High,Medium,Medium,Sad,0.06885,0.9603533339241928,Very High,None,0.5175706667848385
5ry2OE6R2zPQFDO85XkgRb,Money In The Grave (Drake ft. Rick Ross),3TVXtAsR1Inumwj472S9r4,2019,0.502,0.831,0.0,-4.045,100.541,0.101,Medium,Medium,High,Sad,0.083931,0.9355667818842506,Very High,None,0.5871633563768501
3Z0oQ8r78OUaHvGPiDBR3W,Into the Unknown,73Np75Wv2tju61Eo9Zw4IR,2019,0.405,0.321,0.000544,-8.533,146.072,0.274,Medium,Fast,Low,Sad,0.087954,0.8029779314012231,Very High,Low,0.4266455862802446
7nDFTHHwfe32a8qdp9XqPy,False Confidence,2RQXRUsr4IW1f3mKyKsy4B,2019,0.663,0.414,0.0,-7.77,108.98,0.33,High,Medium,Medium,Neutral,0.13662,0.8255192177021478,Very High,None,0.5375538435404296
3e9HZxeyfWwjeyPAMmWSSQ,"thank u, next",66CXWjxzNUsdJxJ2JdwvnR,2019,0.654,0.72,0.0,-5.634,106.976,0.411,High,Medium,High,Neutral,0.2959199999999999,0.8886230021566368,Very High,None,0.6599746004313274
2vXKRlJBXyOcvZYTdNeckS,Lost in the Fire (feat. The Weeknd),3hteYQFiMFbJY7wS0xDymP,2019,0.671,0.658,0.000919,-12.21,100.967,0.165,High,Medium,Medium,Sad,0.10857,0.6943484297911312,High,Low,0.5452696859582262
3XF5xLJHOQQRbWya6hBp7d,you should see me in a crown,6qqNVTkY8uBg9cP3Jd7DAH,2019,0.533,0.678,0.219,-10.485,150.455,0.323,Medium,Fast,Medium,Neutral,0.218994,0.7453100534727761,High,Low,0.5664620106945553
6MF4tRr5lU8qok8IKaFOBE,Under The Sun (with J. Cole & Lute feat. DaBaby),1iNqsUDUraNWrj00bqssQG,2019,0.64,0.691,0.0,-6.441,138.672,0.163,Medium,Medium,Medium,Sad,0.112633,0.864781825164702,Very High,None,0.5810063650329405
70YTBH8vOGJNMhy6186yFm,Heavenly,1QAJqy2dA3ihHBFIHRphZj,2019,0.436,0.536,0.697,-9.187,105.13,0.134,Medium,Medium,Medium,Sad,0.071824,0.7836568288575734,Very High,Medium,0.4600313657715147
0fiijtFXDJ9MOVwgSaEQJ5,Don't Give Up On Me,2oX42qP5ineK3hrhBECLmj,2019,0.537,0.64,9.84e-06,-5.452,112.868,0.0676,Medium,Medium,Medium,Sad,0.043264,0.8939998227421785,Very High,Low,0.5219499645484358
6VzcQuzTNTMFnJ6rBSaLH9,Fine Line,6KImCVD70vtIoJWnq6nGn3,2019,0.347,0.306,0.00013,-8.5,120.996,0.0511,Medium,Medium,Low,Sad,0.0156366,0.8039528494194806,Very High,Low,0.3521155698838961
2tnVG71enUj33Ic2nFN6kZ,Ride It,4ofCBoyEiGSePFAG500xev,2019,0.751,0.88,6.43e-05,-4.258,117.948,0.884,High,Medium,High,Happy,0.7779200000000001,0.929274129220952,Very High,Low,0.8586048258441903
3HWzoMvoF3TQfYg4UPszDq,Truth Hurts,56oDRnqbIiwx4mymNEv7dS,2019,0.624,0.715,0.0,-3.046,158.087,0.412,Medium,Fast,High,Neutral,0.2945799999999999,0.9650802091642292,Very High,None,0.6665160418328459
1ZdhOMWyFR8Iv9eylMGYg2,Mount Everest,2feDdbD5araYcm6JhFHHw7,2019,0.428,0.494,0.0698,-7.239,87.724,0.44,Medium,Slow,Medium,Neutral,0.21736,0.8412065349050193,Very High,Low,0.5334413069810038
5K9tfeoiztw94dyWzF39jq,moment,31ijgiurmIPTNojkYQXdnl,2019,0.855,0.544,0.157,-7.461,171.349,0.517,High,Fast,Medium,Neutral,0.281248,0.8346479955094686,Very High,Low,0.6731295991018937
74f0dpqHhTeTJzs4pmZ1yq,Pool House,6p2HnfM955TI1bX34dkLnI,2019,0.355,0.594,0.000109,-11.184,134.097,0.327,Medium,Medium,Medium,Neutral,0.194238,0.7246595172678661,High,Low,0.4936319034535732
3j84U36KvLeXNDPv4t5pI8,Pure Water (with Migos),0YinUQ50QDB7ZxSCLyQ40k,2019,0.559,0.68,0.0,-5.545,202.018,0.135,Medium,Fast,Medium,Sad,0.0918,0.8912523265089072,Very High,None,0.5557504653017815
1oWM79mUVdZGCGYjSirHZR,Bandit (with YoungBoy Never Broke Again),4MCBfE4596Uoi2O4DtmEMz,2019,0.631,0.474,0.0,-5.884,180.056,0.424,Medium,Fast,Medium,Neutral,0.200976,0.8812372595940796,Very High,None,0.5821974519188159
1BlQWQgGP84r4GYUVty4Ar,Mess,2RQXRUsr4IW1f3mKyKsy4B,2019,0.826,0.442,0.0,-5.32,80.848,0.601,High,Slow,Medium,Happy,0.265642,0.8978994948152087,Very High,None,0.6689298989630417
6P8rBeOxn0ervew8cr0jcD,Randomly,5tQMB0cuNXdCtzovGt55uD,2019,0.535,0.808,0.000944,-10.002,129.995,0.0966,Medium,Medium,High,Sad,0.0780528,0.7595793081036367,Very High,Low,0.5522158616207273
3MwHZDGwAR8RjZZBriBqmx,Next to You,1sgVcCMCarG7yWGmkP9wMb,2019,0.419,0.443,0.00183,-7.975,132.204,0.0719,Medium,Medium,Medium,Sad,0.0318517,0.8194629088008508,Very High,Low,0.4195175817601702
2ogKhhoMClkFXek7ZgxAhN,Shameless,4nDoRrQiYLoBzwC5BhVJzF,2019,0.651,0.377,5.31e-05,-5.437,129.607,0.0851,High,Medium,Low,Sad,0.0320827,0.894442967295932,Very High,Low,0.4760135934591863
5EJA7Rwkeuvm98CZg0XXNO,What Would I Do?,1AbJ2cmwK400LSvdvBL5Jc,2019,0.461,0.539,0.903,-7.674,128.635,0.436,Medium,Medium,Medium,Neutral,0.235004,0.8283553428461697,Very High,High,0.551621068569234
6hvczQ05jc1yGlp9zhb95V,Kill This Love,41MozSoPIsD1dJM0CLPjZF,2019,0.835,0.763,0.00221,-5.234,131.875,0.645,High,Medium,High,Happy,0.492135,0.9004401902567284,Very High,Low,0.7789880380513456
3pHkh7d0lzM2AldUtz2x37,The Archer,06HL4z0CvFAxyc27GXpf02,2019,0.574,0.292,0.00569,-9.375,124.344,0.166,Medium,Medium,Low,Sad,0.048472,0.7781027504505302,Very High,Low,0.428220550090106
7Lbuvj2QDW80Jb6HiGs8jX,Voo Doo,79mgHJytm385Muv7GfaneD,2019,0.571,0.903,0.0,-7.133,87.495,0.473,Medium,Slow,High,Neutral,0.4271189999999999,0.8443380897515436,Very High,None,0.7007676179503086
0RLLvYBopDwooCyvnTwgYu,F.N,6jGMq4yGs7aQzuGsMgVgZR,2019,0.515,0.567,0.0,-10.265,120.1,0.321,Medium,Medium,Medium,Neutral,0.1820069999999999,0.7518095069278266,Very High,None,0.5294619013855653
5yAu4njFSdM47dfsTkQPZ2,Runnin' Down A Dream,2UZMlIwnkgAEDBsw1Rejkn,2019,0.956,0.471,0.615,-6.371,169.798,0.715,High,Fast,Medium,Happy,0.336765,0.8668498330822181,Very High,Medium,0.7324199666164436
5OFlp1fOrfiSXOjw4wuSgy,Shotta Flow (feat. Blueface) - Remix,0ErzCpIMyLcjPiwT4elrtZ,2019,0.514,0.893,0.0,-4.776,120.077,0.555,Medium,Medium,High,Neutral,0.495615,0.9139708706313332,Very High,None,0.7179441741262667
0flSGzqHO12p9fU9kqaHGE,Flaws And Sins,4MCBfE4596Uoi2O4DtmEMz,2019,0.662,0.709,0.0,-4.55,150.047,0.439,High,Fast,High,Neutral,0.311251,0.920647581907885,Very High,None,0.672079516381577
2tev2oEdAUyNtR1U8gQ8c4,ONE BEER (feat. Lauren Alaina & Devin Dawson),4Y8LpEiP4uKTP02lSYEWJV,2019,0.745,0.516,0.0,-8.352,186.005,0.826,High,Fast,Medium,Happy,0.426216,0.8083252090165145,Very High,None,0.7092150418033029
0R3TWpoxAhT3HDXM7tpRzS,Ghostride,4kSGbjWGxTchKpIxXPJv0B,2019,0.351,0.665,0.819,-9.424,87.057,0.451,Medium,Slow,Medium,Neutral,0.299915,0.776655144908269,Very High,High,0.5553310289816539
7Dxes6VnfbZYV0S2QTnVuT,I Wish Grandpas Never Died,2QMsj4XJ7ne2hojxt6v5eb,2019,0.492,0.445,0.0,-5.717,148.013,0.24,Medium,Fast,Medium,Sad,0.1067999999999999,0.8861709356258678,Very High,None,0.4937341871251736
5o5akY9xnEk6lpMkD8RwD9,Teacher's Pet,63yrD80RY3RNEM2YDpUpO8,2019,0.794,0.686,2.25e-05,-6.136,140.952,0.532,High,Fast,Medium,Neutral,0.364952,0.8737924310910219,Very High,Low,0.7120584862182044
4MXE6VCvTsQitHWrAxj7Kg,Maple Syrup,6p2HnfM955TI1bX34dkLnI,2019,0.526,0.543,0.0533,-9.703,153.0,0.384,Medium,Fast,Medium,Neutral,0.208512,0.7684126562084552,Very High,Low,0.544082531241691
3oLe5ZILASG8vU5dxIMfLY,The Search,6fOMl44jA4Sp5b9PpYCkzz,2019,0.789,0.789,0.0,-4.813,119.95,0.37,High,Medium,High,Neutral,0.29193,0.9128777807320748,Very High,None,0.7090255561464149
6ZRuF2n1CQxyxxAAWsKJOy,Nights Like This (feat. Ty Dolla $ign),0cGUm45nv7Z6M6qdXYQGTX,2019,0.725,0.61,0.0,-5.131,146.163,0.291,High,Fast,Medium,Sad,0.1775099999999999,0.903483116192502,Very High,None,0.6176966232385004
7gdhZ5u9T1tmvd3zud1yQZ,Out My Way,5tQMB0cuNXdCtzovGt55uD,2019,0.406,0.952,0.000578,-5.634,127.027,0.553,Medium,Medium,High,Neutral,0.526456,0.8886230021566368,Very High,Low,0.7030746004313273
4P9Q0GojKVXpRTJCaL3kyy,All Of The Girls You Loved Before,06HL4z0CvFAxyc27GXpf02,2019,0.467,0.729,4.53e-05,-9.682,96.042,0.401,Medium,Slow,High,Neutral,0.292329,0.76903305858371,Very High,Low,0.589506611716742
2Rk4JlNc2TPmZe2af99d45,ME! (feat. Brendon Urie of Panic! At The Disco),06HL4z0CvFAxyc27GXpf02,2019,0.83,0.61,0.0,-4.105,182.162,0.728,High,Fast,Medium,Happy,0.44408,0.9337942036692368,Very High,None,0.7592588407338474
5KBARWIxeMGkvUax9VtVC9,My Type,6cK3NBO6uP7hh0oyuVELFl,2019,0.811,0.899,0.0,-6.294,105.038,0.587,High,Medium,High,Neutral,0.527713,0.8691246417914857,Very High,None,0.7930249283582971
7rC3P7tpWriaC4hYWKwGQd,Hey Lover!,3wOQaMNQU0rbzWyGXIudmE,2019,0.744,0.586,0.000172,-10.142,117.006,0.523,High,Medium,Medium,Neutral,0.306478,0.7554432922686047,Very High,Low,0.643638658453721
4L9Ds4mpD3SuYoWwFUlv16,Simple,3b8QkneNDz4JHKKKlLgYZg,2019,0.882,0.362,0.0,-3.717,199.811,0.864,High,Fast,Low,Happy,0.312768,0.9452568761263256,Very High,None,0.7341513752252652
1UVg2llYjfc1sil4idS8NB,Shiesty Summer,5F1aAS1duwlzExnPs3l2Xe,2019,0.582,0.827,0.0,-6.896,140.0,0.651,Medium,Fast,High,Happy,0.538377,0.8513397737008479,Very High,None,0.7266179547401694
5lm18pjbwdth6ENVllxjfl,Ballerina,31klRMTQJ94NrxwIZJwJBY,2019,0.0207,0.376,0.954,-35.713,75.607,0.429,Low,Slow,Low,Neutral,0.161304,0.0,Very Low,High,0.225225
4f8Mh5wuWHOsfXtzjrJB3t,I THINK,4V8LLVI7PbaPR0K2TGSxFF,2019,0.579,0.826,0.0,-8.241,121.075,0.431,Medium,Medium,High,Neutral,0.356006,0.81160447871429,Very High,None,0.662620895742858
12ILYlOEfWL8ei0BEgFJn0,N Side,57vWImR43h4CaDao012Ofp,2019,0.535,0.838,0.000302,-6.303,119.946,0.894,Medium,Medium,High,Happy,0.749172,0.8688587550592337,Very High,Low,0.7824217510118467
0nYvjcSlCgjcwogQAwIwNp,Lovin' On You,718COspgdWOnwOFpJHRZHS,2019,0.949,0.572,0.000195,-4.865,118.974,0.53,High,Medium,Medium,Neutral,0.30316,0.9113415462790628,Very High,Low,0.7236183092558126
5N0lmKQfQpXNQNjUGlPKIT,Hell's Comin' with Me,0YHgnSkV3S5mvSSCTRWDi5,2019,0.574,0.581,1.64e-05,-10.017,129.908,0.549,Medium,Medium,Medium,Neutral,0.318969,0.7591361635498833,Very High,Low,0.6068772327099766
0nGXi46VcQQ56ZJR428MKS,Does To Me (feat. Eric Church),718COspgdWOnwOFpJHRZHS,2019,0.849,0.616,0.0,-4.897,113.065,0.638,High,Medium,Medium,Happy,0.393008,0.9103961712310557,Very High,None,0.7386292342462111
6gi6y1xwmVszDWkUqab1qw,OUT WEST (feat. Young Thug),7A8S43ryYdbWpJKeHRZRcq,2019,0.591,0.802,0.0,-4.895,139.864,0.309,Medium,Medium,High,Neutral,0.247818,0.910455257171556,Very High,None,0.6476910514343112
5PHSyGMwRTpB2iP6pYjoWV,Ww,4DXOz58gkpdeCcsW4Xjxgd,2019,0.0284,0.0,0.833,-29.914,0.0,0.0,Low,Slow,Low,Sad,0.0,0.1713196844810778,Very Low,High,0.0413639368962155
5xA5MggKc3aQxuOzNzPUWB,Apple Cider,35l9BRT7MXmM8bv2WDQiyB,2019,0.921,0.492,0.0114,-3.939,138.008,0.679,High,Medium,Medium,Happy,0.334068,0.9386983367307749,Very High,Low,0.7353396673461551
0ZyATfTcQN9uXNbdJEDlAP,Welcome to the Show,6zLBxLdl60ekBLpawtT63I,2019,0.864,0.589,0.0,-3.834,90.964,0.638,High,Slow,Medium,Happy,0.375782,0.941800348607049,Very High,None,0.7405600697214099
2WsuSYJNXGKXVYkHPnq2yp,Ransom (with Juice WRLD) - Remix,4Ga1P7PMIsmqEZqhYZQgDo,2019,0.671,0.684,0.0,-6.424,179.987,0.45,High,Fast,Medium,Neutral,0.3078,0.8652840556589559,Very High,None,0.6585068111317912
6xRWoYwfwIKnT8bQGzKbxR,God Is,5K4W6rqBFWDnAN6FQUkS6x,2019,0.637,0.656,0.0,-3.867,105.037,0.267,Medium,Medium,Medium,Sad,0.175152,0.9408254305887914,Very High,None,0.6109650861177582
1gPeJMO7Az6ZtzHiaKUTWb,Opendoors,3yg8VEfEzpr8T9NkiEsycS,2019,0.521,0.725,0.275,-10.248,114.038,0.403,Medium,Medium,High,Neutral,0.292175,0.7523117374220805,Very High,Low,0.5989623474844161
5naar7XewEOAjOywIp6Jjq,Remember When,0NIPkIjTV8mB795yEIiPYL,2019,0.708,0.504,0.000424,-5.896,82.009,0.51,High,Slow,Medium,Neutral,0.25704,0.8808827439510769,Very High,Low,0.6318765487902154
5hQSXkFgbxjZo9uCwd11so,False God,06HL4z0CvFAxyc27GXpf02,2019,0.32,0.739,0.000147,-10.862,79.97,0.351,Low,Slow,High,Neutral,0.259389,0.7341723536884399,High,Low,0.5362844707376879
6Ozh9Ok6h4Oi1wUSLtBseN,BOP,4r63FhuTkUYltbVAg5TQnk,2019,0.787,0.769,0.0,-3.909,126.77,0.836,High,Medium,High,Happy,0.642884,0.9395846258382816,Very High,None,0.8243669251676563
7KVPsVMOK3NL7subwJ0dZj,Who You Foolin,2hlmm7s2ICUX0LVIhVFlZQ,2019,0.756,0.916,0.0,-7.653,115.69,0.756,High,Medium,High,Happy,0.692496,0.8289757452214246,Very High,None,0.818595149044285
0Rx0DJI556Ix5gBny6EWmn,Paradise,4GvEc3ANtPPjt1ZJllr5Zl,2019,0.644,0.844,0.0,-6.273,122.061,0.591,High,Medium,High,Neutral,0.4988039999999999,0.8697450441667405,Very High,None,0.735899008833348
6v3KW9xbzN5yKLt9YKDYA2,Señorita,7n2wHs1TKAczGzO7Dd2rGr,2019,0.548,0.759,0.0,-6.049,116.963,0.75,Medium,Medium,High,Happy,0.56925,0.8763626695027917,Very High,None,0.7274725339005583
1fzAuUVbzlhZ1lJAx9PtY6,Daylight,06HL4z0CvFAxyc27GXpf02,2019,0.496,0.557,0.000173,-9.602,149.983,0.265,Medium,Fast,Medium,Sad,0.147605,0.7713964962037283,Very High,Low,0.5116292992407457
591ks2A0o7ratTpiRdI7M6,Heart On Ice,45TgXXqMDdF8BkjA83OM7z,2019,0.387,0.732,0.0,-8.47,157.875,0.242,Medium,Fast,High,Sad,0.177144,0.8048391385269875,Very High,None,0.5378178277053975
2Lumsra3kuU61wXkEKzKaK,Disco,1gl0S9pS0Zw0qfa14rDD3D,2019,0.621,0.473,0.000366,-8.698,173.083,0.782,Medium,Fast,Medium,Happy,0.369886,0.7981033413099353,Very High,Low,0.6522706682619871
4Yxc55NX3tAXC2mHRAhtcW,"All I Want - From ""High School Musical: The Musical: The Series""",1McMsnEElThX1knmY4oliG,2019,0.43,0.376,0.0,-6.585,77.599,0.129,Medium,Slow,Low,Sad,0.048504,0.8605276374486691,Very High,None,0.4246555274897338
6KgBpzTuTRPebChN0VTyzV,Good as Hell,56oDRnqbIiwx4mymNEv7dS,2019,0.919,0.682,0.0,-3.18,95.982,0.535,High,Slow,Medium,Neutral,0.36487,0.9611214511506988,Very High,None,0.7603242902301398
5Fhe63YOMZsGdB3CgCDuBi,Even Though I'm Leaving,718COspgdWOnwOFpJHRZHS,2019,0.755,0.554,0.0,-6.04,77.962,0.624,High,Slow,Medium,Happy,0.345696,0.8766285562350439,Very High,None,0.6862757112470088
696DnlkuDOXcMAnKlTgXXK,ROXANNE,0vRvGUQVUjytro0xpb26bs,2019,0.601,0.621,0.0,-5.616,116.735,0.457,Medium,Medium,Medium,Neutral,0.283797,0.889154775621141,Very High,None,0.6286309551242282
5WtfUKzXircvW8l5aaVZWT,What A Time (feat. Niall Horan),0ZED1XzwlLHW4ZaG4lOT6m,2019,0.467,0.516,0.0,-6.184,132.861,0.386,Medium,Medium,Medium,Neutral,0.199176,0.8723743685190108,Very High,None,0.5425248737038022
4RGWHfQeJftd5XrP8JUgFj,Metamodernity,6ft7JnxMyZhp7N52qzHymY,2019,0.544,0.823,0.165,-10.077,121.968,0.826,Medium,Medium,High,Happy,0.6797979999999999,0.7573635853348696,Very High,Low,0.740872717066974
3V0nnQhqvbE3JmiDdnzQFQ,July (feat. Leon Bridges),55fhWPvDiMpLnE4ZzNXZyW,2019,0.211,0.708,0.0,-9.603,72.5,0.362,Low,Slow,High,Neutral,0.2562959999999999,0.7713669532334781,Very High,None,0.5099233906466957
3Dv1eDb0MEgF93GpLXlucZ,Say So,5cj0lLjcoR7YOSnhnX0Po5,2019,0.673,0.787,3.35e-06,-4.583,110.962,0.779,High,Medium,High,Happy,0.6130730000000001,0.9196726638896274,Very High,Low,0.7830345327779255
2KqJC0koTBUyDlsMt5ok1V,Look What God Gave Her,6x2LnllRG5uGarZMsD4iO8,2019,0.849,0.739,0.0,-3.967,112.999,0.882,High,Medium,High,Happy,0.651798,0.9378711335637684,Very High,None,0.8420242267127537
3sitsgJXmK6cKT0XkfXuJ9,Leray,6Xgp2XMz1fhVYe7i6yNAax,2019,0.19,0.777,0.00123,-12.476,132.786,0.379,Low,Medium,High,Neutral,0.294483,0.6864899997045704,High,Low,0.5126479999409141
3RIgHHpnFKj5Rni1shokDj,Norman fucking Rockwell,00FQb4jTyendYWaN8pK0wa,2019,0.203,0.215,0.0585,-12.65,78.287,0.143,Low,Slow,Low,Sad,0.0307449999999999,0.6813495228810305,High,Low,0.2872699045762061
1SymEzIT3H8UZfibCs3TYi,Afterglow,06HL4z0CvFAxyc27GXpf02,2019,0.449,0.756,0.0,-8.746,111.011,0.399,Medium,Medium,High,Neutral,0.301644,0.7966852787379244,Very High,None,0.5981370557475849
4ZT9FnbFu1PaBfV3itxiqT,I,7d3WFRME3vBY2cgoP38RDo,2019,0.453,0.649,0.0,-7.28,99.183,0.431,Medium,Slow,Medium,Neutral,0.279719,0.83999527312476,Very High,None,0.5836990546249521
0tMSssfxAL2oV8Vri0mFHE,listen before i go,6qqNVTkY8uBg9cP3Jd7DAH,2019,0.0561,0.319,0.00384,-23.023,79.764,0.082,Low,Slow,Low,Sad,0.026158,0.3749002924754055,Low,Low,0.205205058495081
3lG6OtGDsYAOALxEmubQQm,Happiness is a butterfly,00FQb4jTyendYWaN8pK0wa,2019,0.119,0.467,1.4e-06,-10.99,70.499,0.156,Low,Slow,Medium,Sad,0.072852,0.7303908534964105,High,Low,0.3549281706992821
4EWBhKf1fOFnyMtUzACXEc,Pluto Projector,7pbDxGE6nQSZVfiFdq9lOL,2019,0.219,0.379,0.000691,-11.196,79.786,0.188,Low,Slow,Low,Sad,0.071252,0.7243050016248633,High,Low,0.3603110003249726
2dgFqt3w9xIQRjhPtwNk3D,Death By A Thousand Cuts,06HL4z0CvFAxyc27GXpf02,2019,0.732,0.712,0.0,-6.754,94.071,0.313,High,Slow,High,Neutral,0.222856,0.8555348754763804,Very High,None,0.645956975095276
12M5uqx0ZuwkpLp5rJim1a,Cornelia Street,06HL4z0CvFAxyc27GXpf02,2019,0.624,0.824,0.000189,-9.728,102.012,0.248,Medium,Medium,High,Sad,0.2043519999999999,0.7676740819521994,Very High,Low,0.6187348163904399
4IO8X9W69dIQe0EC5ALXhq,Immortal,1URnnhqYAYcrqrcwql10ft,2019,0.87,0.741,0.0,-3.494,184.194,0.663,High,Fast,High,Happy,0.491283,0.9518449584921268,Very High,None,0.7959189916984254
7idmHTAQQPUFqdjXkoooXD,Beer Can’t Fix,6x2LnllRG5uGarZMsD4iO8,2019,0.776,0.711,0.0,-4.068,111.015,0.938,High,Medium,High,Happy,0.6669179999999999,0.9348872935684952,Very High,None,0.828777458713699
0YZEYxd1oiqZRFhnnmTKKi,Another Life,6MwPCCR936cYfM1dLsGVnl,2019,0.939,0.39,0.0,-3.828,161.997,0.495,High,Fast,Low,Neutral,0.19305,0.9419776064285504,Very High,None,0.66389552128571
4qUtC2BwFC154Ha8YQRrkk,How to disappear,00FQb4jTyendYWaN8pK0wa,2019,0.304,0.538,0.000631,-11.79,78.997,0.065,Low,Slow,Medium,Sad,0.03497,0.7067564772962274,High,Low,0.3950012954592454
2QpGZOhTCHHiKmpSO9FW4h,Follow God,5K4W6rqBFWDnAN6FQUkS6x,2019,0.9,0.529,1.21e-05,-3.503,180.291,0.434,High,Fast,Medium,Neutral,0.229586,0.9515790717598748,Very High,Low,0.682515814351975
6N22FZs2ZhPBYi3b9XPajV,Still Don't Know My Name,2feDdbD5araYcm6JhFHHw7,2019,0.63,0.316,0.262,-5.963,89.643,0.313,Medium,Slow,Low,Neutral,0.098908,0.8789033649443114,Very High,Low,0.5063306729888623
25ZAibhr3bdlMCLmubZDVt,QUE PRETENDES,1vyhD5VmyZ7KMfW5gqLgo5,2019,0.791,0.639,0.0,-4.443,92.603,0.933,High,Slow,Medium,Happy,0.596187,0.9238086797246596,Very High,None,0.807461735944932
6V20oVETqPBJ4suIEoEkIY,Crazy Story (feat. Lil Durk) - Remix,6QtgPSJPSzcnn7dPZ4VINp,2019,0.641,0.844,3.27e-06,-4.893,156.928,0.213,Medium,Fast,High,Sad,0.179772,0.9105143431120564,Very High,Low,0.6488028686224113
4HfLQJtVT1KiX1eVedDyTm,Alaska,4NZvixzsSefsNiIqXn0NDe,2019,0.386,0.847,0.00176,-10.668,104.001,0.178,Medium,Medium,High,Sad,0.1507659999999999,0.7399036899169843,High,Low,0.5430807379833968
5icOoE6VgqFKohjWWNp0Ac,Here With Me,64KEffDW9EtZ1y2vBYgq8T,2019,0.565,0.791,0.0,-3.933,99.961,0.181,Medium,Slow,High,Sad,0.143171,0.9388755945522764,Very High,None,0.6115751189104552
5rLyYxZNzca00ENADO9m54,When I Grow Up,6fOMl44jA4Sp5b9PpYCkzz,2019,0.814,0.817,0.0,-3.985,109.994,0.247,High,Medium,High,Sad,0.2017989999999999,0.9373393600992644,Very High,None,0.6978178720198529
2YWtcWi3a83pdEg3Gif4Pd,I Think He Knows,06HL4z0CvFAxyc27GXpf02,2019,0.366,0.897,0.000353,-8.029,100.003,0.416,Medium,Medium,High,Neutral,0.373152,0.8178675884073385,Very High,Low,0.6281735176814678
1nQwi9UGdNeN1FyzGE7jDt,JOAN OF ARC,2y246nnP9pQT0E6v3ZMMOO,2019,0.685,0.906,0.00179,-2.955,124.065,0.0391,High,Medium,High,Sad,0.0354246,0.9677686194570002,Very High,Low,0.6463787238914
6habFhsOp2NvshLv26DqMb,Despacito,4V8Sr092TqfHkfAA5fXXqG,2019,0.797,0.655,0.0,-4.787,177.928,0.839,High,Fast,Medium,Happy,0.549545,0.9136458979585808,Very High,None,0.7882291795917162
4kV4N9D1iKVxx1KLvtTpjS,"break up with your girlfriend, i'm bored",66CXWjxzNUsdJxJ2JdwvnR,2019,0.554,0.727,0.0,-5.29,170.0,0.335,Medium,Fast,High,Neutral,0.243545,0.8987857839227156,Very High,None,0.6201071567845431
6UnCGAEmrbGIOSmGRZQ1M2,Light On,4NZvixzsSefsNiIqXn0NDe,2019,0.569,0.657,1.38e-05,-6.287,102.054,0.399,Medium,Medium,Medium,Neutral,0.262143,0.8693314425832374,Very High,Low,0.6129662885166475
2f0pn9DkEJwAzXApnFh5cr,Someone To You,4qWnlmXWuGv2TtuxtIWlJX,2019,0.903,0.52,0.0,-5.497,74.988,0.652,High,Slow,Medium,Happy,0.33904,0.8926703890809182,Very High,None,0.7232840778161838
3aEDTqPcVXDiuKXaedAZgx,AWKWARD CAR DRIVE,4OYIkXBBN6ET96coWyWAXh,2019,0.438,0.81,0.0,-9.587,82.943,0.137,Medium,Slow,High,Sad,0.11097,0.7718396407574818,Very High,None,0.5411179281514964
45S5WTQEGOB1VHr1Q4FuPl,Golden,6KImCVD70vtIoJWnq6nGn3,2019,0.838,0.448,0.000131,-5.257,139.863,0.254,High,Medium,Medium,Sad,0.113792,0.8997607019409731,Very High,Low,0.5873521403881946
2gTdDMpNxIRFSiu7HutMCg,I Think I'm OKAY (with YUNGBLUD & Travis Barker),6TIYQ3jFPwQSRmorSezPxX,2019,0.744,0.628,0.0,-4.718,119.921,0.277,High,Medium,Medium,Sad,0.173956,0.9156843629058464,Very High,None,0.6267868725811693
2toVe5hfuIi97ytDPDbQFt,Taste (feat. Offset),5LHRHt1k9lMyONurDHEdrp,2019,0.613,0.866,0.0,-6.385,98.001,0.359,Medium,Slow,High,Neutral,0.310894,0.8664362314987148,Very High,None,0.6760872462997429
0Ryd8975WihbObpp5cPW1t,boyfriend (with Social House),66CXWjxzNUsdJxJ2JdwvnR,2019,0.795,0.4,0.0,-3.731,190.097,0.702,High,Fast,Medium,Happy,0.2808,0.9448432745428226,Very High,None,0.6832186549085645
5sSYvDVyP0CP9TUiqy3fuF,Cradles,7gXb99Sf9nNmpNYeAgIQFG,2019,0.586,0.537,7.04e-05,-1.864,79.056,0.624,Medium,Slow,Medium,Happy,0.335088,1.0,Very High,Low,0.6636
4rnyUV17cSZGsz18xJNdjL,100 Bad Days,6s22t5Y3prQHyaHWUN1R1C,2019,0.639,0.622,0.0,-5.62,144.089,0.632,Medium,Fast,Medium,Happy,0.393104,0.88903660374014,Very High,None,0.682157320748028
4ea9w8c4ROqiZpJVhfBA3m,Hot (Remix) [feat. Gunna and Travis Scott],50co4Is1HCEo8bhOyUWKpn,2019,0.631,0.845,0.0,-8.206,111.983,0.545,Medium,Medium,High,Neutral,0.460525,0.812638482673048,Very High,None,0.7100276965346096
1uNePI826aqh9uC9pgbeHU,Tia Tamera (feat. Rico Nasty),5cj0lLjcoR7YOSnhnX0Po5,2019,0.654,0.822,0.0,-4.623,119.884,0.421,High,Medium,High,Neutral,0.346062,0.9184909450796184,Very High,None,0.6990481890159237
6qUkNMd34rjpDP5EUy9JNS,"Love, of Money",1peoXq0RPx7czVoFjloeDQ,2019,0.655,0.371,2.14e-06,-9.901,147.794,0.855,High,Fast,Low,Happy,0.317205,0.7625631480989099,Very High,Low,0.641312629619782
3W2nknW1nTuuxUSyFCUCS8,John Redcorn,3QTDHixorJelOLxoxcjqGx,2019,0.435,0.734,0.00277,-6.126,143.967,0.651,Medium,Fast,High,Happy,0.477834,0.8740878607935242,Very High,Low,0.6665175721587049
2Zg0aB5oVQlbQE1vzQmIIY,Hurt Somebody,2RQXRUsr4IW1f3mKyKsy4B,2019,0.51,0.638,0.0,-6.485,114.576,0.448,Medium,Medium,Medium,Neutral,0.285824,0.8634819344736919,Very High,None,0.6035963868947384
5ZK62nSchTamBy8F6HIZov,Sea Gets Hotter,6TVVIyd0fsRDGg6WzHKyTP,2019,0.537,0.793,0.00256,-7.123,120.012,0.778,Medium,Medium,High,Happy,0.616954,0.844633519454046,Very High,Low,0.7355767038908092
3uouaAVXpQR3X8RYkJyitQ,CYANIDE,20wkVLutqVOYrc0kxFs7rA,2019,0.652,0.589,0.00055,-7.498,158.49,0.486,High,Fast,Medium,Neutral,0.2862539999999999,0.8335549056102101,Very High,Low,0.627910981122042
0PG9fbaaHFHfre2gUVo7AN,Please Me,4kYSro6naA4h99UJvo89HB,2019,0.57,0.747,0.0,-6.711,133.992,0.65,Medium,Medium,High,Happy,0.48555,0.8568052231971403,Very High,None,0.700461044639428
60iSKGrGazRzICtMjADNSM,Hold Me While You Wait,4GNC7GD6oZMSxPGyXy4MNB,2019,0.53,0.688,0.0,-5.507,106.958,0.162,Medium,Medium,Medium,Sad,0.111456,0.8923749593784159,Very High,None,0.5578749918756831
0tKl8ZVM6xJkhznvJAS3Nq,Ella,7Gi6gjaWy3DxyilpF1a8Is,2019,0.732,0.478,3.34e-06,-4.342,184.819,0.664,High,Fast,Medium,Happy,0.317392,0.9267925197199328,Very High,Low,0.6777585039439866
5ngcqrs4Xq915GUqNtNNr5,Young Blood,2RQXRUsr4IW1f3mKyKsy4B,2019,0.463,0.671,0.0,-8.534,85.002,0.347,Medium,Slow,Medium,Neutral,0.232837,0.8029483884309728,Very High,None,0.5643896776861945
5qrSlOut2rNAWv3ubArkNy,Be Alright,3QSQFmccmX81fWCUSPTS7y,2019,0.537,0.551,0.0,-7.595,126.421,0.493,Medium,Medium,Medium,Neutral,0.271643,0.8306892374959378,Very High,None,0.5889378474991875
6ifUES3keWjwXgae8pXI3o,Me Rehúso,5H1nN1SzW0qNeUEZvuXjAj,2019,0.804,0.744,0.0,-6.327,104.823,0.426,High,Medium,High,Neutral,0.316944,0.8681497237732282,Very High,None,0.7043299447546457
2otVC3BB5KkJNNySWdsDlj,Legendary,6O1vRHWVGKJTnWuJmItnsx,2019,0.802,0.528,0.0,-2.322,130.847,0.139,High,Medium,Medium,Sad,0.073392,0.9864693196253952,Very High,None,0.590943863925079
3Tc57t9l2O8FwQZtQOvPXK,my strange addiction,6qqNVTkY8uBg9cP3Jd7DAH,2019,0.305,0.939,0.000169,-10.952,100.029,0.563,Low,Medium,High,Neutral,0.5286569999999999,0.7315134863659192,High,Low,0.6450026972731837
2HZLXBOnaSRhXStMLrq9fD,Mary On A Cross,1Qp56T7n950O3EGMsSl81D,2019,0.9,0.466,0.00104,-4.469,130.02,0.561,High,Medium,Medium,Neutral,0.261426,0.9230405624981536,Very High,Low,0.6896581124996307
1djzKW3eYLyzjjHXazEWWh,Movement,2FXC3k01G6Gw61bmprjgqS,2019,0.502,0.381,6.98e-05,-5.505,144.3,0.147,Medium,Fast,Low,Sad,0.0560069999999999,0.8924340453189163,Very High,Low,0.4550368090637833
29ZXwWOOLz9t5fa3eT3i7T,223's (feat. 9lokknine),1cNDP5yjU5vjeR8qMf4grg,2019,0.547,0.932,0.0,-7.787,94.998,0.695,Medium,Slow,High,Happy,0.64774,0.8250169872078938,Very High,None,0.7551033974415787
5467KZaTToEB680WvOd9w5,Ocean Prime (feat. Boldy James),0eVyjRhzZKke2KFYTcDkeu,2019,0.604,0.583,0.0,-8.437,49.305,0.691,Medium,Slow,Medium,Happy,0.4028529999999999,0.8058140565452451,Very High,None,0.6598128113090489
07KXEDMj78x68D884wgVEm,High Fashion (feat. Mustard),757aE44tKEUQEqRuT6GnEB,2019,0.499,0.831,0.0,-8.442,97.956,0.511,Medium,Slow,High,Neutral,0.424641,0.805666341693994,Very High,None,0.6629332683387988
2hloaUoRonYssMuqLCBLTX,bloodline,66CXWjxzNUsdJxJ2JdwvnR,2019,0.665,0.757,0.000158,-5.194,151.979,0.643,High,Fast,High,Happy,0.486751,0.9016219090667376,Very High,Low,0.7344243818133476
43rA71bccXFGD4C8GOpIlN,I Forgot That You Existed,06HL4z0CvFAxyc27GXpf02,2019,0.316,0.664,2.03e-06,-10.345,92.875,0.541,Low,Slow,Medium,Neutral,0.359224,0.7494460693078082,High,Low,0.5633392138615616
49lYjrC2iz9Kqb30EL8XmK,He Went To Jared (HARDY feat. Morgan Wallen),4Y8LpEiP4uKTP02lSYEWJV,2019,0.806,0.565,7.73e-06,-5.11,140.084,0.683,High,Fast,Medium,Happy,0.385895,0.9041035185677568,Very High,Low,0.7225707037135514
1nXZnTALNXiPlvXotqHm66,A BOY IS A GUN*,4V8LLVI7PbaPR0K2TGSxFF,2019,0.689,0.417,0.0,-8.302,79.568,0.505,High,Slow,Medium,Neutral,0.210585,0.809802357529026,Very High,None,0.5855604715058051
57j65yC2HggQfmYNc6rdOK,bad idea!,3uwAm6vQy7kWPS2bciKWx9,2019,0.807,0.513,0.0548,-6.095,162.026,0.419,High,Fast,Medium,Neutral,0.214947,0.8750036928712812,Very High,Low,0.6354007385742563
45ROR8UMn60YEVQnDy0uVF,Juliet,2hR4h1Cao2ueuI7Cx9c7V8,2019,0.586,0.546,0.00114,-8.488,131.778,0.364,Medium,Medium,Medium,Neutral,0.198744,0.8043073650624835,Very High,Low,0.5621614730124966
7gZXCjAy6nxKCQWLEeX4LZ,One Thing Right,64KEffDW9EtZ1y2vBYgq8T,2019,0.625,0.659,0.0,-2.253,88.042,0.442,Medium,Slow,Medium,Neutral,0.291278,0.9885077845726608,Very High,None,0.6621515569145322
72kaj3MRKcGnv2dbukJQRA,Vida Ventajosa,25UNJbwGZSQKvz5cPLWlv3,2019,0.524,0.735,0.0,-6.656,94.642,0.813,Medium,Slow,High,Happy,0.597555,0.8584300865609028,Very High,None,0.7264360173121807
3Fj47GNK2kUF0uaEDgXLaD,wish you were gay,6qqNVTkY8uBg9cP3Jd7DAH,2019,0.351,0.853,9.38e-06,-10.198,118.028,0.282,Medium,Medium,High,Sad,0.2405459999999999,0.7537888859345918,Very High,Low,0.5649077771869183
1dyxS3YzBbL0t8rEVwVQ1K,God's Country,1UTPBmNbXNTittyMJrNkvw,2019,0.752,0.538,5.39e-06,-5.106,139.984,0.217,High,Medium,Medium,Sad,0.116746,0.9042216904487576,Very High,Low,0.5844943380897516
4IlqQhaxrGPxmg35YcXXuS,Dancin - Krono Remix,77qukKzmdI5BeMBR7WGUrN,2019,0.727,0.751,0.0338,-9.789,119.982,0.28,High,Medium,High,Sad,0.21028,0.7658719607669355,Very High,Low,0.6302243921533872
37pf8jSeCGlzgQPIfVHO6X,Class Fight,63yrD80RY3RNEM2YDpUpO8,2019,0.707,0.767,5.16e-05,-8.444,92.015,0.772,High,Slow,High,Happy,0.592124,0.8056072557534935,Very High,Low,0.7609714511506986
4SJHHpKhcuXwDsCsPqshXj,El Efecto,1mcTU81TzQhprhouKaTkpq,2019,0.781,0.849,0.0,-4.635,84.041,0.893,High,Slow,High,Happy,0.758157,0.9181364294366156,Very High,None,0.8568272858873232
1qfoq1qvZT7VwDVeekCJ97,De Los Besos Que Te Di,0XwVARXT135rw8lyw1EeWP,2019,0.503,0.504,0.0,-3.313,195.593,0.709,Medium,Fast,Medium,Happy,0.357336,0.9571922361074182,Very High,None,0.6456384472214837
3XiNC94b4Tq1xwv70sQJGN,Sanguine Paradise,4O15NlyKLIASxsJ0PrXPfz,2019,0.603,0.729,0.0,-6.736,134.972,0.207,Medium,Medium,High,Sad,0.1509029999999999,0.8560666489408846,Very High,None,0.5924133297881768
4TCeFZNjGNQIpCuZmJkkE2,God's Country,1UTPBmNbXNTittyMJrNkvw,2019,0.754,0.536,4.92e-06,-5.102,139.988,0.212,High,Medium,Medium,Sad,0.113632,0.9043398623297586,Very High,Low,0.5831679724659518
1LLXZFeAHK9R4xUramtUKw,London Boy,06HL4z0CvFAxyc27GXpf02,2019,0.71,0.695,0.000104,-6.639,157.925,0.557,High,Fast,Medium,Neutral,0.387115,0.8589323170551567,Very High,Low,0.6970364634110313
4SSnFejRGlZikf02HLewEF,bury a friend,6qqNVTkY8uBg9cP3Jd7DAH,2019,0.389,0.905,0.162,-14.505,120.046,0.196,Medium,Medium,High,Sad,0.17738,0.6265473130668557,High,Low,0.5430594626133711
7ibRB2S2WOfPKSvYkhcYtj,4 The Betta,5tQMB0cuNXdCtzovGt55uD,2019,0.453,0.78,1.98e-06,-9.926,155.984,0.305,Medium,Fast,High,Neutral,0.2379,0.7618245738426541,Very High,Low,0.5758649147685309
1iSqfoUFnQwV0QW1EfUit8,Suicidal,1cNDP5yjU5vjeR8qMf4grg,2019,0.369,0.735,0.0,-9.682,140.004,0.235,Medium,Fast,High,Sad,0.172725,0.76903305858371,Very High,None,0.525306611716742
3Z6cltU0OfbUdSZtZlzKPL,Dream Girl,0cuIIYEWDS7V1iBl65NtL6,2019,0.239,0.945,0.29,-17.862,118.616,0.583,Low,Medium,High,Neutral,0.550935,0.5273715619368372,High,Low,0.5944743123873674
5YUyW9opqNsMSEzzecZih1,X,1SupJlEpv7RS2tPNRaHViT,2019,0.749,0.594,0.00106,-5.298,179.968,0.694,High,Fast,Medium,Happy,0.4122359999999999,0.8985494401607137,Very High,Low,0.7186598880321428
5JtvedSVWW9McnoEAPJwQm,Sex Sounds,6jGMq4yGs7aQzuGsMgVgZR,2019,0.427,0.857,0.0,-8.638,130.033,0.366,Medium,Medium,High,Neutral,0.313662,0.7998759195249491,Very High,None,0.6153251839049898
6IRdLKIyS4p7XNiP8r6rsx,all the good girls go to hell,6qqNVTkY8uBg9cP3Jd7DAH,2019,0.444,0.726,0.143,-8.922,185.044,0.569,Medium,Fast,High,Neutral,0.4130939999999999,0.791485715973884,Very High,Low,0.6293471431947768
176LvsOHbOXcgJgBBZ8wgs,Almost Back,5tQMB0cuNXdCtzovGt55uD,2019,0.456,0.764,0.925,-10.227,125.965,0.227,Medium,Medium,High,Sad,0.173428,0.7529321397973352,Very High,High,0.5505364279594671
0vFOH96oqw1YZUs7ev5PW4,528 Hz Anxiety Relief,4rXABp4A7KjG9elWFNAbO4,2019,0.0699,0.293,0.706,-28.314,138.511,0.0356,Low,Medium,Low,Sad,0.0104307999999999,0.2185884368814441,Very Low,High,0.1579926873762888
3yOlyBJuViE2YSGn3nVE1K,My Oh My (feat. DaBaby),4nDoRrQiYLoBzwC5BhVJzF,2019,0.491,0.724,1.29e-05,-6.024,105.046,0.383,Medium,Medium,High,Neutral,0.277292,0.8771012437590475,Very High,Low,0.6111202487518095
4cNpO3kF8rqcH8G3huFCJp,you are my sunshine,7H55rcKCfwqkyDFH9wpKM6,2019,0.121,0.574,1.04e-06,-14.275,115.165,0.657,Low,Medium,Medium,Happy,0.377118,0.6333421962244083,High,Low,0.4933684392448817
5euumi7eqEgmxvCIJw2pSp,Hot Rod,6eJa3zG1QZLRB3xgRuyxbm,2019,0.768,0.707,0.000292,-7.072,139.985,0.832,High,Medium,High,Happy,0.588224,0.8461402109368076,Very High,Low,0.7813280421873615
0PgT8DiJmpqTnf9SnFnHM0,Stars Will Fall,5AyEXCtu3xnnsTGCo4RVZh,2019,0.13,0.432,0.965,-13.076,96.41,0.0741,Low,Slow,Medium,Sad,0.0320112,0.6687642175544329,High,High,0.3143778435108866
1BNvadXnbiSf3ZofMMdDYK,Crazy Story,6QtgPSJPSzcnn7dPZ4VINp,2019,0.504,0.83,2.74e-05,-8.92,157.004,0.15,Medium,Fast,High,Sad,0.1244999999999999,0.7915448019143845,Very High,Low,0.5708089603828769
7yFhA2fUsL2oIMWlw5DaHQ,The Bones,6WY7D3jk8zTrHtmkqqo5GI,2019,0.57,0.612,0.0,-6.642,77.004,0.334,Medium,Slow,Medium,Neutral,0.204408,0.858843688144406,Very High,None,0.5813687376288812
40KuvsFD0zpUFuCcmt5Xm0,Ex Bitch,15UsOTVnJzReFVN1VCnxy4,2019,0.462,0.835,0.0,-6.227,78.99,0.702,Medium,Slow,High,Happy,0.58617,0.871104020798251,Very High,None,0.7157208041596502
395Vms42bEvN38TBqsXGO3,"Turn You Down (HARDY feat. Morgan Wallen, Zakk Wylde)",4Y8LpEiP4uKTP02lSYEWJV,2019,0.874,0.615,0.0,-3.375,107.97,0.604,High,Medium,Medium,Happy,0.3714599999999999,0.955360571951904,Very High,None,0.7450721143903809
2TH65lNHgvLxCKXM3apjxI,Callaita,4q3ewBCX7sLwd24euuV69X,2019,0.624,0.61,2.12e-06,-4.773,176.169,0.244,Medium,Fast,Medium,Sad,0.14884,0.914059499542084,Very High,Low,0.5828118999084168
12rhvKDK2FfHTZZ1sSAHDG,Cringe,7gHscNMDI8FF8pcgrV8eIn,2019,0.474,0.729,0.0,-7.724,126.047,0.443,Medium,Medium,High,Neutral,0.322947,0.8268781943336583,Very High,None,0.6133256388667316
6QTPacyXkZWG9FMwq6L1hJ,Love You For A Long Time,4NZvixzsSefsNiIqXn0NDe,2019,0.67,0.707,0.00283,-6.137,112.993,0.822,High,Medium,High,Happy,0.581154,0.8737628881207716,Very High,Low,0.7598525776241543
7K2JfvcKhIMwOndE6QBodf,El de La Codeina,0elWFr7TW8piilVRYJUe4P,2019,0.575,0.763,0.0,-4.947,108.06,0.885,Medium,Medium,High,Happy,0.675255,0.908919022718544,Very High,None,0.7756838045437088
0oA9wBGDY4uyILLg4GymWP,Tom's Diner,23xqmJEN3oVxwzqtNIyR5m,2019,0.428,0.68,0.000344,-8.107,98.222,0.334,Medium,Slow,Medium,Neutral,0.22712,0.8155632367278206,Very High,Low,0.5576126473455641
6T4eTkoARLnJIzWjAtyQe0,By and By,0wyMPXGfOuQzNR54ujR9Ix,2019,0.474,0.583,2.99e-06,-7.981,101.43,0.333,Medium,Medium,Medium,Neutral,0.194139,0.8192856509793495,Very High,Low,0.5405071301958699
001UkMQHw4zXfFNdKpwXAF,Brand New Man - with Luke Combs,0XKOBt59crntr7HQXXO8Yz,2019,0.846,0.573,7.87e-05,-4.866,127.061,0.562,High,Medium,Medium,Neutral,0.322026,0.9113120033088128,Very High,Low,0.7061624006617626
1TMWcbxL5YF8rKsFHv5hAP,Rules,5cj0lLjcoR7YOSnhnX0Po5,2019,0.724,0.651,0.0,-5.457,144.146,0.686,High,Fast,Medium,Happy,0.446586,0.8938521078909274,Very High,None,0.7265704215781854
73w0vUAcS6BWZjUd0Ke3Iu,Chip On My Shoulder,45TgXXqMDdF8BkjA83OM7z,2019,0.365,0.668,0.0,-9.465,71.066,0.623,Medium,Slow,Medium,Happy,0.416164,0.7754438831280097,Very High,None,0.602488776625602
6GWMddXRoGtOQRMwxItviV,Good Godly Woman,6IKlXZEFOvk9itrP1s0knJ,2019,0.587,0.441,1.24e-05,-7.22,83.293,0.577,Medium,Slow,Medium,Neutral,0.254457,0.8417678513397737,Very High,Low,0.5916535702679547
5CalS8Gn69OOrR9aiw0ZO9,Honeybee,0n94vC3S9c3mb2HyNAOcjg,2019,0.52,0.642,0.000509,-7.886,136.014,0.488,Medium,Medium,Medium,Neutral,0.313296,0.8220922331531212,Very High,Low,0.6090184466306242
4Bhdiu8zhwQR3tXy8YMbCj,DUI,4Ga1P7PMIsmqEZqhYZQgDo,2019,0.409,0.774,1.12e-06,-8.688,86.52,0.424,Medium,Slow,High,Neutral,0.328176,0.7983987710124376,Very High,Low,0.6001297542024875
5w9c2J52mkdntKOmRLeM2m,Con Calma,4VMYDCV2IEDYJArk749S6m,2019,0.86,0.737,1.94e-06,-2.652,93.989,0.656,High,Slow,High,Happy,0.483472,0.9767201394428195,Very High,Low,0.7954440278885639
7qEKqBCD2vE5vIBsrUitpD,ilomilo,6qqNVTkY8uBg9cP3Jd7DAH,2019,0.423,0.855,0.469,-15.044,120.02,0.572,Medium,Medium,High,Neutral,0.4890599999999999,0.6106236521019823,High,Medium,0.6273747304203965
3WCXvxgQ7U3mznWsQjiEMu,6locc 6a6y,7scapvSjZLSm0fBgqGM0Mn,2019,0.702,0.871,0.0,-8.025,125.089,0.675,High,Medium,High,Happy,0.587925,0.8179857602883394,Very High,None,0.7691471520576679
4TCc369aRPRubv1m8R1TBG,Got What I Got,3FfvYsEGaIb52QPXhg4DcH,2019,0.582,0.512,1.67e-05,-6.658,159.846,0.303,Medium,Fast,Medium,Neutral,0.155136,0.8583710006204024,Very High,Low,0.5465242001240804
2fGRJzoiYJYAzlQAyBONMb,Morning Sex,4o16FybIZV7WPD7tOl7PUd,2019,0.353,0.81,0.000104,-9.536,124.991,0.731,Medium,Medium,High,Happy,0.59211,0.7733463322402434,Very High,Low,0.6686692664480487
72VliVsh3slpViyWTgRtgs,Got Caught in Amsterdam,2iLMJdaqsQ44X7MPRD7rR5,2019,0.808,0.66,0.814,-6.233,157.049,0.961,High,Fast,Medium,Happy,0.63426,0.8709267629767496,Very High,High,0.8144353525953499
0lEWIegMNMQ7W1ooB1zWT2,Sure Don't Miss You,2qFOYqFxPaIwEnffVhJhEn,2019,0.586,0.667,2.96e-06,-7.985,102.988,0.727,Medium,Medium,Medium,Happy,0.484909,0.8191674790983485,Very High,Low,0.6921834958196698
3vjs2MDHoF9xhylNg6Y9un,Chateau (Feel Alright),5p9HO3XC5P3BLxJs5Mtrhm,2019,0.365,0.641,8.49e-06,-11.765,134.874,0.343,Medium,Medium,Medium,Neutral,0.219863,0.7074950515524832,High,Low,0.5107990103104966
7FwWRSAlhfyhbvybdfDUCe,High School Sweethearts,63yrD80RY3RNEM2YDpUpO8,2019,0.639,0.648,0.0,-6.415,94.033,0.44,Medium,Slow,Medium,Neutral,0.28512,0.865549942391208,Very High,None,0.6372599884782415
1GeNui6m825V8jP4uKiIaH,Bad Bad Bad (feat. Lil Baby),50co4Is1HCEo8bhOyUWKpn,2019,0.596,0.974,0.0,-8.888,111.959,0.892,Medium,Medium,High,Happy,0.868808,0.7924901769623918,Very High,None,0.8226980353924782
6V7g6qM8wheMivMWrzbPTM,Leave Me Alone,2HUwZ0kumzCSlhFcjFZfpp,2019,0.743,0.792,0.0,-2.806,150.024,0.742,High,Fast,High,Happy,0.5876640000000001,0.9721705220242844,Very High,None,0.8032841044048569
4o0LyB69tylqDG6eTGhmig,Fire for You,7FtCyCJCJaxabYO7Uyda5B,2019,0.678,0.737,0.157,-7.011,102.051,0.698,High,Medium,High,Happy,0.5144259999999999,0.8479423321220716,Very High,Low,0.7346884664244142
6Wxx1jXr6EyGdt8RuYFzvj,Letting Someone Go,40ZNYROS4zLfyyBSs2PGe2,2019,0.117,0.543,0.0,-15.153,83.607,0.395,Low,Slow,Medium,Neutral,0.214485,0.6074034683447074,High,None,0.4123806936689415
77XoAnllT85lmR9WP0D8dS,Ain't Always The Cowboy,4MoAOfV4ROWofLG3a3hhBN,2019,0.837,0.539,0.0,-3.458,151.913,0.554,High,Fast,Medium,Neutral,0.298606,0.952908505421135,Very High,None,0.700031701084227
3jbT1Y5MoPwEIpZndDDwVq,Adicto (with Anuel AA & Ozuna),0GM7qgcRCORpGnfcN2tCiB,2019,0.836,0.734,1.64e-05,-4.803,80.002,0.623,High,Slow,High,Happy,0.4572819999999999,0.9131732104345772,Very High,Low,0.7675846420869155
5Z8HZM6iQMhhqyPcCGY5g9,Hot (feat. Gunna),50co4Is1HCEo8bhOyUWKpn,2019,0.651,0.855,0.0,-8.044,111.997,0.559,High,Medium,High,Neutral,0.477945,0.817424443853585,Very High,None,0.722484888770717
7KgpoK5WCefGCvjMl635Nh,Sleeping Alone,4SfGzWmeoNPKIOmiyc7Pav,2019,0.171,0.361,0.0,-13.096,166.116,0.418,Low,Fast,Low,Neutral,0.1508979999999999,0.6681733581494284,High,None,0.3891846716298857
2YpeDb67231RjR0MgVLzsG,Old Town Road - Remix,7jVv8c5Fj3E9VhNjxT4snq,2019,0.619,0.878,0.0,-5.56,136.041,0.639,Medium,Medium,High,Happy,0.561042,0.8908091819551538,Very High,None,0.7560618363910308
2gwkD6igEhQbDQegRCcdoB,Suge,4r63FhuTkUYltbVAg5TQnk,2019,0.662,0.876,0.0,-6.482,75.445,0.844,High,Slow,High,Happy,0.739344,0.8635705633844426,Very High,None,0.8120141126768885
7EkiMl81fUHVwpItgtzI4r,I'll Kill You (feat. Jhené Aiko),57LYzLEk2LcFghVwuWbcuS,2019,0.443,0.679,0.0,-8.528,104.049,0.363,Medium,Medium,Medium,Neutral,0.246477,0.8031256462524743,Very High,None,0.5658251292504949
2GvOVIdVAi69jpCvRTxWg6,Forever,4XWaILHqySwH1y6LhlYcsb,2019,0.339,0.612,0.0,-14.908,106.582,0.292,Medium,Medium,Medium,Sad,0.1787039999999999,0.6146414960560136,High,None,0.4642782992112027
72geHhNU5UA2hU1QgUzXdE,Bury My Bones,26opZSJcXshCmCwxgZQmBc,2019,0.656,0.529,1.66e-05,-5.035,128.111,0.532,High,Medium,Medium,Neutral,0.281428,0.906319241336524,Very High,Low,0.6369638482673048
55XOUxXsBBbC07PD3Zml3F,Maze,4MCBfE4596Uoi2O4DtmEMz,2019,0.726,0.674,1.56e-06,-3.813,160.067,0.443,High,Fast,Medium,Neutral,0.298582,0.9424207509823036,Very High,Low,0.6829341501964608
2d3QlXE6FXFDeodiS66yjM,Weekend Friend,7o96HO2zrujyATtVsqGhh3,2019,0.594,0.409,0.0391,-9.725,110.187,0.212,Medium,Medium,Medium,Sad,0.086708,0.7677627108629501,Very High,Low,0.47775254217259
1TQXIltqoZ5XXyfCbAeSQQ,Dancing With Your Ghost,4xnihxcoXWK3UqryOSnbw5,2019,0.328,0.629,2.5e-05,-8.284,74.953,0.389,Low,Slow,Medium,Neutral,0.244681,0.8103341309935301,Very High,Low,0.530016826198706
0otRX6Z89qKkHkQ9OqJpKt,Car's Outside,4IWBUUAFIplrNtaOHcJPRM,2019,0.562,0.338,0.0,-7.181,149.907,0.259,Medium,Fast,Low,Sad,0.087542,0.8429200271795326,Very High,None,0.4752340054359065
0fxrED7Uh7e0waswxKW3IM,Girl of My Dreams,6BYc2AlVqCvVqTpTvz792O,2019,0.328,0.569,0.4,-16.145,138.702,0.0514,Low,Medium,Medium,Sad,0.0292465999999999,0.5780968418564802,High,Medium,0.381169368371296
2XU0oxnq2qxCpomAAuJY8K,Dance Monkey,2NjfBq1NflQcKSeiDooVjY,2019,0.588,0.824,0.000104,-6.4,98.027,0.513,Medium,Slow,High,Neutral,0.422712,0.8659930869449615,Very High,Low,0.6956486173889923
1BeZDWwsxqxOUvTJzH2M4T,Hell Night,5F1aAS1duwlzExnPs3l2Xe,2019,0.503,0.818,0.0,-9.546,153.958,0.633,Medium,Fast,High,Happy,0.517794,0.7730509025377412,Very High,None,0.6840101805075482
08T4lSobn8UP6PQc9qtTzT,Crayola,0ceH34CATvfgphxnLRWFkm,2019,0.538,0.729,0.0,-9.63,80.474,0.173,Medium,Slow,High,Sad,0.1261169999999999,0.7705692930367218,Very High,None,0.5505638586073444
7hbk4BaF66O09R1gq0bKwj,No Te Contaron Mal,0XwVARXT135rw8lyw1EeWP,2019,0.568,0.644,0.0,-3.077,81.409,0.654,Medium,Slow,Medium,Happy,0.421176,0.9641643770864724,Very High,None,0.6915328754172945
4EivmOT13NMpNSfTKn9p4s,Like That (feat. Gucci Mane),5cj0lLjcoR7YOSnhnX0Po5,2019,0.498,0.879,0.0,-6.027,106.044,0.405,Medium,Medium,High,Neutral,0.355995,0.8770126148482968,Very High,None,0.6648525229696594
6TqXcAFInzjp0bODyvrWEq,Talk (feat. Disclosure),6LuN9FCkKOj5PcnpouEgny,2019,0.4,0.9,0.0,-8.575,135.984,0.346,Medium,Medium,High,Neutral,0.3114,0.8017371266507135,Very High,None,0.6168474253301427
3AdV1d3U70EWsqE6NDJ0yv,Forever,1Tie3AZgLQZqYEp8Fv4zOZ,2019,0.63,0.565,0.0,-6.703,129.927,0.22,Medium,Medium,Medium,Sad,0.1243,0.857041566959142,Very High,None,0.5534083133918284
40QrLHWdsxyXLAdjJG4Rxs,Chosen 1,6AgTAQt8XS6jRWi4sX7w49,2019,0.576,0.77,0.0,-11.845,166.162,0.364,Medium,Fast,High,Neutral,0.28028,0.7051316139324648,High,None,0.6070263227864929
7qtzFO7XuvNiSp5Xn7juqZ,Who Needs Love,6Xgp2XMz1fhVYe7i6yNAax,2019,0.512,0.844,0.0,-7.864,108.992,0.87,Medium,Medium,High,Happy,0.7342799999999999,0.8227421784986263,Very High,None,0.7632484356997253
6S7o12almFeL57rbRvdY5l,Vas,4b1cEwAKl1Wdg6x8kkraJa,2019,0.424,0.514,0.849,-10.645,71.114,0.416,Medium,Slow,Medium,Neutral,0.213824,0.7405831782327396,High,High,0.5123166356465478
5RBWMYMSe6ihNb0hC8ro8v,Killing Me Slowly,0eI3X5rAzHRZVe5FPk4MN1,2019,0.889,0.332,2.43e-06,-4.176,137.901,0.265,High,Medium,Low,Sad,0.08798,0.9316966527814706,Very High,Low,0.5744393305562941
15npbUjCgwt2lRvyrJvyxw,Tequila Little Time,4MoAOfV4ROWofLG3a3hhBN,2019,0.705,0.757,6.28e-06,-5.084,104.969,0.855,High,Medium,High,Happy,0.647235,0.9048716357942628,Very High,Low,0.7980743271588525
2Xr1dTzJee307rmrkt8c0g,love nwantiti (ah ah ah),048LktY5zMnakWq7PTtFrz,2019,0.739,0.727,0.00137,-3.805,93.005,0.533,High,Slow,High,Neutral,0.387491,0.9426570947443056,Very High,Low,0.7246314189488612
4ovQlgSLQsDpmE4SplH10J,528 Hz Love Frequency,4rXABp4A7KjG9elWFNAbO4,2019,0.0975,0.167,0.817,-27.321,76.163,0.0656,Low,Slow,Low,Sad,0.0109552,0.2479246063399214,Very Low,High,0.1404599212679843
2Ec1iryNc1k6zkv1Nezz0F,528 Hz Release Inner Conflict & Struggle,4rXABp4A7KjG9elWFNAbO4,2019,0.126,0.201,0.899,-24.116,140.251,0.0933,Low,Fast,Low,Sad,0.0187533,0.3426098259919052,Low,High,0.183646965198381
1pNUmVxDiE8t6P1XxcZAv8,Scrawny,0NIPkIjTV8mB795yEIiPYL,2019,0.816,0.639,0.0604,-5.28,138.008,0.802,High,Medium,Medium,Happy,0.512478,0.8990812136252179,Very High,Low,0.7760162427250437
50WeOnXhM1H7AZEeIDoWfZ,Show Yourself,73Np75Wv2tju61Eo9Zw4IR,2019,0.432,0.321,9.08e-05,-7.071,123.304,0.172,Medium,Medium,Low,Sad,0.055212,0.8461697539070578,Very High,Low,0.4165339507814115
1goNZsIE8w3NQOzlP40veh,Make Believe,4MCBfE4596Uoi2O4DtmEMz,2019,0.841,0.465,0.0,-4.35,83.965,0.672,High,Slow,Medium,Happy,0.31248,0.9265561759579308,Very High,None,0.7030612351915863
5tuBenbZ1Or9xENTyOKoGC,Jonny,5szilpXHcwOqnyKLqGco5j,2019,0.232,0.609,0.0187,-11.989,79.821,0.27,Low,Slow,Medium,Sad,0.16443,0.7008774262164318,High,Low,0.4483754852432864
5mpUKTdskZea0gStWzeHUZ,Unsainted,05fG473iIaoy82BF1aGhL8,2019,0.946,0.427,0.0253,-2.188,101.305,0.237,High,Medium,Medium,Sad,0.101199,0.9904280776389258,Very High,Low,0.6219356155277851
5XKZua8kqgHwcxeKiMIjge,AirplaneMode,5v2WhpA59TJSdPh7LCx1lN,2019,0.601,0.847,0.787,-6.311,139.996,0.548,Medium,Medium,High,Neutral,0.464156,0.8686224112972318,Very High,High,0.7150744822594464
0nEUaCsD5tDZjbY7tMAaea,All for You,5SXEylV07TC57eanSxxg4R,2019,0.618,0.74,0.483,-8.148,168.031,0.383,Medium,Fast,High,Neutral,0.28342,0.8143519749475612,Very High,Medium,0.6351203949895122
35cWnQKyLjmzkq81M51D9n,World on Fire (feat. Slightly Stoopid),5SXEylV07TC57eanSxxg4R,2019,0.538,0.869,0.128,-6.239,141.017,0.742,Medium,Fast,High,Happy,0.644798,0.8707495051552483,Very High,Low,0.7548499010310497
2DnyKpPcFpC460wLJeGzOs,23 Island,0E3pLs4jXz9tDQGY8m1A1d,2019,0.383,0.804,0.0,-10.984,118.009,0.455,Medium,Medium,High,Neutral,0.36582,0.7305681113179119,High,None,0.5968136222635824
66SvxvblhUIEL6awyLMGL2,El Circo,0my6Pg4I28dVcZLSpAkqhv,2019,0.533,0.834,0.0,-3.113,120.962,0.772,Medium,Medium,High,Happy,0.643848,0.963100830157464,Very High,None,0.7690701660314927
150gInJ3Mcl1Y2zxqQPORX,528 Hz DNA Repair,4rXABp4A7KjG9elWFNAbO4,2019,0.082,0.168,0.769,-28.174,137.486,0.062,Low,Medium,Low,Sad,0.010416,0.2227244527164762,Very Low,High,0.1309448905432952
7F1CiKqrY44kh5cDqwHOnx,Love Is Gone - Acoustic,20DZAfCuP1TKZl5KcY7z3Q,2019,0.153,0.541,1.66e-06,-10.654,139.644,0.359,Low,Medium,Medium,Neutral,0.194219,0.7403172915004874,High,Low,0.4383634583000975
0kPeZAyIhIfeZNrtfjJGDB,Bluebird,66lH4jAE7pqPlOlzUKbwA0,2019,0.633,0.661,2.75e-06,-5.986,81.984,0.613,Medium,Slow,Medium,Happy,0.405193,0.8782238766285563,Very High,Low,0.6854447753257114
7po7c8LzxTZ0ybU41qT5gD,Show & Tell,63yrD80RY3RNEM2YDpUpO8,2019,0.746,0.535,0.0,-5.644,109.994,0.648,High,Medium,Medium,Happy,0.34668,0.8883275724541345,Very High,None,0.6866655144908269
5ggoxc2dhlFjListerctlA,Nothin' on You,6zLBxLdl60ekBLpawtT63I,2019,0.358,0.358,0.000232,-7.18,134.629,0.158,Medium,Medium,Low,Sad,0.0565639999999999,0.8429495701497829,Very High,Low,0.4049899140299566
30uCmqegKQnH5AbOE51gPD,Ghost,1oyUjl52ohRrCv3EL1UdpM,2019,0.675,0.731,0.000617,-5.069,84.942,0.715,High,Slow,High,Happy,0.5226649999999999,0.9053147803480162,Very High,Low,0.7478629560696032
6oJ6le65B3SEqPwMRNXWjY,Higher Love,23fqKkggKUBHNkbKtXEls4,2019,0.678,0.693,5.71e-06,-7.159,103.952,0.404,High,Medium,Medium,Neutral,0.279972,0.8435699725250376,Very High,Low,0.6471139945050075
50x1Ic8CaXkYNvjmxe3WXy,Those Eyes,69bG9tC62d8oTFC9aTTosn,2019,0.348,0.594,2.12e-05,-8.297,120.048,0.248,Medium,Medium,Medium,Sad,0.147312,0.809950072380277,Very High,Low,0.4891900144760554
3PLlvksV9NfmoGiZXEqunJ,The Thief in Marrakesh,2iLMJdaqsQ44X7MPRD7rR5,2019,0.522,0.76,0.854,-7.937,89.974,0.68,Medium,Slow,High,Happy,0.5168,0.8205855416703596,Very High,High,0.6926171083340719
3NqCEpT8xsHdzpiRlM1kpS,Through Da Storm,6AgTAQt8XS6jRWi4sX7w49,2019,0.49,0.71,0.0,-9.832,74.351,0.621,Medium,Slow,High,Happy,0.4409099999999999,0.7646016130461757,Very High,None,0.6436703226092352
51Fjme0JiitpyXKuyQiCDo,Lalala,6USMTwO0MNDnKte5a5h0xx,2019,0.39,0.843,0.0,-7.899,129.972,0.495,Medium,Medium,High,Neutral,0.4172849999999999,0.8217081745398682,Very High,None,0.6384916349079737
7hynhxDoDpgMIV12JuVtNa,UN PESO,1vyhD5VmyZ7KMfW5gqLgo5,2019,0.675,0.627,0.0,-7.125,79.31,0.961,High,Slow,Medium,Happy,0.6025469999999999,0.8445744335135454,Very High,None,0.766014886702709
2NVIuwkdRG660Qipp0J2H4,Side Nigga Anthem,3tqosLbNFNekyZyO2KJ6qd,2019,0.588,0.921,0.0,-8.815,97.025,0.424,Medium,Slow,High,Neutral,0.390504,0.7946468137906586,Very High,None,0.6882293627581317
5DqdesEfbRyOlSS3Tf6c29,It's You,4rTv3Ejc7hKMtmoBOK1B4T,2019,0.463,0.732,0.0,-6.972,95.971,0.397,Medium,Slow,High,Neutral,0.290604,0.8490945079618305,Very High,None,0.6044189015923661
6Q1m1GyNxyOwZ2ud3p7XoS,Gasoline,3Uobr6LgQpBbk6k4QGAb3V,2019,0.945,0.546,0.0,-4.399,135.128,0.545,High,Medium,Medium,Neutral,0.29757,0.9251085704156696,Very High,None,0.721321714083134
71V6u8mPSydvEokO7XYqG6,El Vals Del Olvido,5xYNmNkaWRqu3e5F4UXME8,2019,0.47,0.725,0.0,-4.764,105.965,0.931,Medium,Medium,High,Happy,0.674975,0.914325386274336,Very High,None,0.7506150772548672
4o05DiC0RQ9DNtGJGauwna,Queen of Mean,0uqrdF1UCmMshSk6veOa5K,2019,0.787,0.543,0.0,-6.52,173.702,0.343,High,Fast,Medium,Neutral,0.186249,0.862447930514934,Very High,None,0.6178895861029868
6viCrMdt8zgjOygIuJMC5X,Lunchbox Friends,63yrD80RY3RNEM2YDpUpO8,2019,0.574,0.696,0.0,-6.899,93.033,0.434,Medium,Slow,Medium,Neutral,0.302064,0.8512511447900972,Very High,None,0.6310502289580193
6qoIFQfdmaQF9A1gb67tR7,Ocean,790FomKkXshlbRYZFtlgla,2019,0.482,0.727,0.0,-6.193,74.93,0.487,Medium,Slow,High,Neutral,0.354049,0.8721084817867588,Very High,None,0.6347716963573518
76YSWx6L6FNsuaP6GWBb8P,All For Us,2feDdbD5araYcm6JhFHHw7,2019,0.66,0.46,0.000139,-6.642,141.722,0.18,High,Fast,Medium,Sad,0.0828,0.858843688144406,Very High,Low,0.5197687376288813
6MxMqCgqmekcr0VwSU7AVH,Time,6fOMl44jA4Sp5b9PpYCkzz,2019,0.688,0.677,0.0,-4.058,98.049,0.198,High,Slow,Medium,Sad,0.134046,0.9351827232709976,Very High,None,0.6116365446541996
3nQ0FbZL6DTcGnu03Jpgzm,Me la Avente,66ihevNkSYNzRAl44dx6jJ,2019,0.485,0.709,0.0,-4.546,144.426,0.94,Medium,Fast,High,Happy,0.6664599999999999,0.920765753788886,Very High,None,0.7531031507577771
6suYoN4gFkanqOBn5yRnJC,Boys Will Be Bugs,2hR4h1Cao2ueuI7Cx9c7V8,2019,0.528,0.486,1.4e-05,-11.722,178.519,0.452,Medium,Fast,Medium,Neutral,0.219672,0.708765399273243,High,Low,0.5325530798546486
2TKwo7J4oyyiYZvck7ky3R,Bane,1HPW4jeRjXBFRoUnSvBzoD,2019,0.768,0.568,0.0,-5.93,118.865,0.362,High,Medium,Medium,Neutral,0.2056159999999999,0.8798782829625691,Very High,None,0.6288756565925138
2BULAwmRpScmZE7YOF07e5,Amigo,4Ga1P7PMIsmqEZqhYZQgDo,2019,0.669,0.774,0.0,-7.397,89.954,0.528,High,Slow,High,Neutral,0.408672,0.8365387456054831,Very High,None,0.6987577491210966
204t5SErksNRHRhU52g5JF,Oncle Jazz,3zmfs9cQwzJl575W1ZYXeT,2019,0.311,0.712,0.761,-16.776,139.959,0.242,Low,Medium,High,Sad,0.1723039999999999,0.5594552276285858,High,High,0.4637410455257171
2kJwzbxV2ppxnQoYw4GLBZ,If the World Was Ending (feat. Julia Michaels),66W9LaWS0DPdL7Sz8iYGYe,2019,0.473,0.464,0.0,-10.086,75.801,0.604,Medium,Slow,Medium,Happy,0.280256,0.7570976986026174,Very High,None,0.5598695397205234
0RjJSBBEolCDJ6wDiuVCmh,ATTENTION!,15UsOTVnJzReFVN1VCnxy4,2019,0.41,0.954,1.76e-05,-7.725,130.074,0.457,Medium,Medium,High,Neutral,0.435978,0.8268486513634081,Very High,Low,0.6683197302726815
7M2tXmeS15NAzEn7ABFeBg,Homicide (feat. Eminem),4xRYI6VqpkE3UwrDrAZL8L,2019,0.758,0.695,0.0,-5.667,140.056,0.769,High,Fast,Medium,Happy,0.534455,0.8876480841383793,Very High,None,0.7677796168276759
4O89rUWrGgWYKaHJUOp314,Cream,2rwALQ1SXdfUWPUd6WOfYS,2019,0.37,0.87,0.0,-6.143,169.927,0.747,Medium,Fast,High,Happy,0.64989,0.8735856302992703,Very High,None,0.714967126059854
4EtgDIWb8Wm5mnaK701c0C,affection,2HkSsS8O2U2gPhnCGVN5vn,2019,0.565,0.394,1.68e-06,-7.264,90.773,0.308,Medium,Slow,Low,Neutral,0.121352,0.8404679606487636,Very High,Low,0.5045435921297527
4n3aUQnIxtVXpDwFvi66VD,emotions,6ASri4ePR7RlsvIQgWPJpS,2019,0.631,0.63,0.0,-6.211,80.512,0.163,Medium,Slow,Medium,Sad,0.10269,0.8715767083222548,Very High,None,0.5618153416644509
6LsMmm02qu6SOmp9JeaIyC,To Whom It May Concern,3uL4UpqShC4p2x1dJutoRW,2019,0.559,0.736,0.00096,-9.225,150.049,0.0354,Medium,Fast,High,Sad,0.0260544,0.7825341959880647,Very High,Low,0.525906839197613
01tA4XmJ4fGQNwti6b2hPm,The Git Up,3yzRiNMZdTsSUgplcyYZ4i,2019,0.678,0.847,0.0,-8.635,97.984,0.811,High,Slow,High,Happy,0.686917,0.7999645484356998,Very High,None,0.7863429096871399
7Feaw9WAEREY0DUOSXJLOM,Summer Days (feat. Macklemore & Patrick Stump of Fall Out Boy),60d24wfXkVzDSfLS6hyCjZ,2019,0.723,0.661,1.23e-05,-6.976,113.778,0.316,High,Medium,Medium,Neutral,0.208876,0.8489763360808296,Very High,Low,0.627845267216166
2C6WXnmZ66tHhHlnvwePiK,Die For Me (feat. Future & Halsey),246dkjvS1zLTtiykXe5h60,2019,0.66,0.606,0.0,-2.847,145.108,0.446,High,Fast,Medium,Neutral,0.270276,0.9709592602440248,Very High,None,0.652491852048805
0O0bttAxJKKWqAqY2Nq4mC,Falling In Love,1QAJqy2dA3ihHBFIHRphZj,2019,0.269,0.475,0.017,-11.641,140.654,0.357,Low,Fast,Medium,Neutral,0.1695749999999999,0.7111583798635115,High,Low,0.4412316759727023
1HsoSwqtwGBNIHZM7lPmQR,Down To The Honkytonk,1n2pb9Tsfe4SwAjmUac6YT,2019,0.808,0.633,0.0,-4.12,82.027,0.94,High,Slow,Medium,Happy,0.59502,0.9333510591154834,Very High,None,0.8135702118230967
3OjNkFFZavF89xvRqWCXmU,On My Way to You,6zLBxLdl60ekBLpawtT63I,2019,0.538,0.443,4.61e-05,-5.477,157.97,0.245,Medium,Fast,Medium,Sad,0.1085349999999999,0.8932612484859228,Very High,Low,0.5073022496971846
2h07VxASyzG42ZW9Q0eIWb,Geeked,5tQMB0cuNXdCtzovGt55uD,2019,0.402,0.839,1.01e-06,-9.296,129.97,0.268,Medium,Medium,High,Sad,0.224852,0.7804366451002984,Very High,Low,0.5752873290200596
1R8kvV2AgNPCA2Pp4Im1Ao,Baby Hotline,1yNIb413Bmfs2ZBVuPp9kC,2019,0.357,0.74,0.047,-9.921,119.973,0.453,Medium,Medium,High,Neutral,0.33522,0.7619722886939053,Very High,Low,0.5768944577387811
3IwadYiQKN7O51JgIH9PBC,no way !,6FugQjLquBF4JzATRN70bR,2019,0.696,0.651,0.903,-7.889,130.27,0.62,High,Medium,Medium,Happy,0.40362,0.8220036042423705,Very High,High,0.6887007208484741
4XlyD28tQ6qdqNS2BkE1AF,Ranada,7wlFDEWiM5OoIAt8RSli8b,2019,0.671,0.502,0.0,-5.158,153.864,0.584,High,Fast,Medium,Neutral,0.293168,0.9026854559957458,Very High,None,0.6448870911991492
2jnOUdpaFKr9koG1Vtbj6v,Everything Stays (feat. Olivia Olson),3Op7D6tFVJCOHW6EAV0ck1,2019,0.102,0.475,1.78e-06,-17.592,85.168,0.347,Low,Slow,Medium,Neutral,0.1648249999999999,0.535348163904399,High,Low,0.3618196327808798
6Gg1gjgKi2AK4e0qzsR7sd,Bandit (with YoungBoy Never Broke Again),4MCBfE4596Uoi2O4DtmEMz,2019,0.631,0.474,0.0,-5.884,180.051,0.425,Medium,Fast,Medium,Neutral,0.20145,0.8812372595940796,Very High,None,0.582447451918816
6WrI0LAC5M1Rw2MnX2ZvEg,Don't Start Now,6M2wZ9GZgrQXHCFfjv46we,2019,0.793,0.794,0.0,-4.521,123.941,0.677,High,Medium,High,Happy,0.5375380000000001,0.9215043280451416,Very High,None,0.7900008656090284
53QA7j4pHWAtbE3D0Glh7Q,You and Me,68DWke2VjdDmA75aJX5C57,2019,0.445,0.599,0.000952,-8.525,140.97,0.0736,Medium,Fast,Medium,Sad,0.0440864,0.803214275163225,Very High,Low,0.469992855032645
40mjsnRjCpycdUw3xhS20g,GATTI,7A8S43ryYdbWpJKeHRZRcq,2019,0.676,0.594,0.0,-5.808,143.477,0.472,High,Fast,Medium,Neutral,0.2803679999999999,0.883482525333097,Very High,None,0.6418965050666194
1RJyToUKkGSEfJjavJHSsF,House Fire,13ZEDW6vyBF12HYcZRr4EV,2019,0.707,0.519,0.102,-8.424,93.348,0.545,High,Slow,Medium,Neutral,0.282855,0.806198115158498,Very High,Low,0.6299396230316996
1ugQtcwmKOXvKAYzhjncmv,Half A Man,3QSQFmccmX81fWCUSPTS7y,2019,0.204,0.411,0.0,-11.575,70.853,0.337,Low,Slow,Medium,Neutral,0.138507,0.7131082159000266,High,None,0.4011716431800053
0iI2cOHpX6xmwKD15Q5ynd,Breakfast in Bed,1kh0AypxF3CxMMzmQyif2S,2019,0.327,0.635,0.0,-9.77,82.686,0.552,Low,Slow,Medium,Neutral,0.35052,0.7664332772016899,Very High,None,0.563536655440338
3p6eieHX6oEOzJStPtEsLu,Si Te Pudiera Mentir,4jogXSSvlyMkODGSZ2wc2P,2019,0.585,0.764,0.00294,-7.796,90.013,0.89,Medium,Slow,High,Happy,0.67996,0.8247511004756418,Very High,Low,0.7629002200951284
6Ijmj8Z0L31hCp5pLZnT5U,Numb,3zmfs9cQwzJl575W1ZYXeT,2019,0.303,0.783,0.945,-14.393,138.816,0.65,Low,Medium,High,Happy,0.50895,0.6298561257348814,High,High,0.5991212251469762
4n7c4QoSavoKz7qLitbQbD,Green Light,45TgXXqMDdF8BkjA83OM7z,2019,0.434,0.872,0.0,-11.737,82.974,0.292,Medium,Slow,High,Sad,0.2546239999999999,0.7083222547194895,High,None,0.5847644509438978
6U0FIYXCQ3TGrk4tFpLrEA,SUGAR,1Bl6wpkWCQ4KVgnASpvzzA,2019,0.538,0.453,0.0,-8.212,122.973,0.516,Medium,Medium,Medium,Neutral,0.233748,0.8124612248515466,Very High,None,0.5618922449703093
3nD8VUJphfkoxSjy4lmeP1,Un Suspiró,38Bf9u0Tg0JOEcjxzqSuAj,2019,0.822,0.821,2.02e-06,-5.565,137.929,0.955,High,Medium,High,Happy,0.784055,0.8906614671039026,Very High,Low,0.8686822934207805
3TTMUI5dFcbeNSDTTDY9M8,Come Thru (with Usher),57LYzLEk2LcFghVwuWbcuS,2019,0.728,0.679,0.0,-3.092,152.001,0.46,High,Fast,Medium,Neutral,0.31234,0.9637212325327188,Very High,None,0.6934442465065438
6ctlpLPyLH3R1V16fxoOWE,Talk,2FXC3k01G6Gw61bmprjgqS,2019,0.538,0.397,0.148,-6.503,154.342,0.247,Medium,Fast,Low,Sad,0.098059,0.8629501610091879,Very High,Low,0.4879400322018375
1KuVdyg8d6NlRhbpHxg5UF,Social Cues,26T3LtbuGT1Fu9m0eRq5X3,2019,0.913,0.668,6.7e-06,-3.097,132.039,0.933,High,Medium,Medium,Happy,0.623244,0.9635735176814676,Very High,Low,0.8546147035362934
0TK2YIli7K1leLovkQiNik,Señorita,7n2wHs1TKAczGzO7Dd2rGr,2019,0.54,0.759,0.0,-6.039,116.947,0.75,Medium,Medium,High,Happy,0.56925,0.8766580992052941,Very High,None,0.7255316198410589
3DV3fcJ1Cgc5lVAdvw73Kx,1 Hell of a Life,3HiuzBlSW7pGDXlSFMhO2g,2019,0.666,0.857,2.2e-06,-5.951,139.966,0.623,High,Medium,High,Happy,0.533911,0.8792578805873142,Very High,Low,0.7552015761174629
2IOFZdYYkFxEHVz1w34PoL,Cherry,6KImCVD70vtIoJWnq6nGn3,2019,0.512,0.53,0.00453,-9.261,95.946,0.411,Medium,Slow,Medium,Neutral,0.21783,0.7814706490590564,Very High,Low,0.5460441298118113
5WQrDB34o6M8V0jxNiX6RU,Fast,4MCBfE4596Uoi2O4DtmEMz,2019,0.607,0.623,0.0,-5.937,84.982,0.263,Medium,Slow,Medium,Sad,0.163849,0.8796714821708175,Very High,None,0.5803342964341635
4oM9DGUTrRaXJDypxxHztZ,La La Land (feat. YG),1ShZZUjkbXCjhwrb18BA8I,2019,0.473,0.774,0.0,-5.122,97.953,0.416,Medium,Slow,High,Neutral,0.321984,0.903749002924754,Very High,None,0.6351998005849508
0VB3YI0Dl6TT3C7mIbHTs4,Shotta Flow,0ErzCpIMyLcjPiwT4elrtZ,2019,0.431,0.891,2.2e-06,-6.732,120.137,0.447,Medium,Medium,High,Neutral,0.398277,0.8561848208218854,Very High,Low,0.6580369641643771
0DiDStADDVh3SvAsoJAFMk,Only Human,7gOdHgIoIKoe4i9Tta6qdD,2019,0.496,0.795,0.0,-5.883,94.01,0.873,Medium,Slow,High,Happy,0.6940350000000001,0.8812668025643298,Very High,None,0.757003360512866
6vWEAOUSxohKxhp0K1BsxL,Mixed Personalities (feat. Kanye West),1cNDP5yjU5vjeR8qMf4grg,2019,0.44,0.661,0.0,-9.104,149.937,0.352,Medium,Fast,Medium,Neutral,0.232672,0.7861088953883424,Very High,None,0.5535217790776685
7vxLj7MREliG5i5vSnqSVr,Body,57LYzLEk2LcFghVwuWbcuS,2019,0.507,0.555,0.0,-6.099,137.875,0.339,Medium,Medium,Medium,Neutral,0.188145,0.8748855209902804,Very High,None,0.5529771041980561
0wEC0GNF74lAqrEFZJMl1m,PUPPET,4V8LLVI7PbaPR0K2TGSxFF,2019,0.557,0.508,0.0134,-8.967,77.572,0.199,Medium,Slow,Medium,Sad,0.101092,0.7901562823126237,Very High,Low,0.4994312564625248
2dNKGg5Nn1JNVH1GRd41bp,Just Take My Wallet,1yNIb413Bmfs2ZBVuPp9kC,2019,0.147,0.566,0.755,-16.866,183.776,0.21,Low,Fast,Medium,Sad,0.1188599999999999,0.5567963603060653,High,High,0.370409272061213
