id,name,artist_id,year,popularity,release_date
3xKsf9qdS1CyvXSMEid6g8,Pink + White,2h93pZq0e7k5yf4dywlkpM,2016,88,2016-08-20
3IznIgmXtrUaoPWpQTy5jB,Not Allowed,0Y6dVaC9DZtPNH4591M42W,2016,85,2016-02-25
6QeYSvYqYUsfBzsApbjDHO,Cigarettes out the Window,0Y6dVaC9DZtPNH4591M42W,2016,84,2016-02-25
2ZWlPOoWh0626oTaHrnl2a,Ivy,2h93pZq0e7k5yf4dywlkpM,2016,83,2016-08-20
4KW1lqgSr8TKrvBII0Brf8,Father Stretch My Hands Pt. 1,5K4W6rqBFWDnAN6FQUkS6x,2016,84,2016-06-10
1zi7xx7UVEFkmKfv06H8x0,One Dance,3TVXtAsR1Inumwj472S9r4,2016,87,2016-05-06
4riDfclV7kPDT9D58FpmHd,Some,57vWImR43h4CaDao012Ofp,2016,82,2016-10-31
2LMkwUfqC6S6s6qDVlEuzV,White Ferrari,2h93pZq0e7k5yf4dywlkpM,2016,82,2016-08-20
6gBFPUFcJLzWGx4lenP6h2,goosebumps,0Y5tJX1MQlPlqiwlOH1tJY,2016,86,2016-09-16
7MXVkk9YMctZqd1Srtv4MB,Starboy,1Xyo4u8uXC1ZmMpatF05PJ,2016,89,2016-11-25
0KKkJNfGyhkQ5aFogxQAPU,That's What I Like,0du5cEVh5yTK9QJze8zA0C,2016,86,2016-11-17
14AyWf6y7KlWWLfAjdKMKI,Ophelia,16oZKvXb6WkQlVAjwo2Wbg,2016,82,2016-04-08
5gDWsRxpJ2lZAffh5p7K0w,Stargirl Interlude,1Xyo4u8uXC1ZmMpatF05PJ,2016,83,2016-11-24
5NijSs5dAwaIybq1GaRTIe,Poison,3tlXnStJ1fFhdScmQeLpuG,2016,79,2016-08-03
2Co0IjcLTSHMtodwD4gzfg,I Bet on Losing Dogs,2uYWxilOVlUdk4oV9DvwqK,2016,82,2016-06-17
0WtDGnWL2KrMCk0mI1Gpwz,Redbone,73sIBHcqh3Z3NyqHKZ7FOL,2016,81,2016-12-02
5uCax9HTNlzGybIStD3vDh,Say You Won't Let Go,4IWBUUAFIplrNtaOHcJPRM,2016,87,2016-10-28
4pAl7FkDMNBsjykPXo91B3,Needed Me,5pKCCKE2ajJHZ9KAiaK11H,2016,82,2016-01-28
0Z57YWES04xGh3AImDz6Qr,Real Love Baby,2kGBy2WHvF0VdZyqiVCkDT,2016,79,2016-07-26
0bPnT6i9H1p8Vd85GS6Z7I,Night Shift,4MoAOfV4ROWofLG3a3hhBN,2016,76,2016-05-13
5UGAXwbA17bUC0K9uquGY2,Antarctica,1VPmR4DJC1PlOtd0IADAO0,2016,77,2016-01-26
7eqoqGkKwgOaWNNHx90uEZ,Nights,2h93pZq0e7k5yf4dywlkpM,2016,79,2016-08-20
0azC730Exh71aQlOt9Zj3y,This Is What You Came For,7CajNmpbOovFoOoasH2HaY,2016,85,2016-04-29
7BKLCZ1jbUBVqRi2FVlTVw,Closer,69GGBxA162lTqCwzJG5jLp,2016,84,2016-07-29
2LBqCSwhJGcFQeTHMVGwy3,Die For You,1Xyo4u8uXC1ZmMpatF05PJ,2016,85,2016-11-24
3a1lNhkSLSkpJE4MSHpDu9,Congratulations,246dkjvS1zLTtiykXe5h60,2016,80,2016-12-09
7f08qp3HROTkfrtNpiYGGo,Dirt On My Boots,4MoAOfV4ROWofLG3a3hhBN,2016,75,2016-05-13
0y1QJc3SJVPKJ1OvFmFqe6,Way down We Go,7jdFEYD2LTYjfwxOdlVjmc,2016,84,2016-06-10
0w3Q14i073jLoew1hgJkwD,Heartache On The Dance Floor,4MoAOfV4ROWofLG3a3hhBN,2016,74,2016-05-13
4AFsRbaLKRWo3dDtjDFA2V,Me and Your Mama,73sIBHcqh3Z3NyqHKZ7FOL,2016,79,2016-12-02
4ly1QBXEwYoDmje9rmEgC4,Head Over Boots,4MoAOfV4ROWofLG3a3hhBN,2016,74,2016-05-13
5oO3drDxtziYU2H1X23ZIp,Love On The Brain,5pKCCKE2ajJHZ9KAiaK11H,2016,83,2016-01-28
3jfZ9M23l0L7RxzYMTgBTv,Looking Out for You,4jCIAMb0zEArF3GYEYzoDk,2016,78,2016-01-15
7EiZI6JVHllARrX9PUvAdX,Low Life (feat. The Weeknd),1RyvyyTE3xzB2ZywiAwp0i,2016,78,2016-04-13
5GUYJTQap5F3RDQiCOJhrS,Self Control,2h93pZq0e7k5yf4dywlkpM,2016,77,2016-08-20
53mChDyESfwn9Dz8poHRf6,Taking What's Not Yours,0Y6dVaC9DZtPNH4591M42W,2016,78,2016-02-25
6i0V12jOa3mr6uu4WYhUBr,Heathens,3YQKmKGau1PzlVlkL1iodx,2016,82,2016-06-16
1KIJclzEbNhSVw8tiHPWwE,Young,0U7iI0Dk4Ojvi17nZboNO4,2016,79,2016
2FTeQQ5Rg9tBpgpTF5mnhE,Still Think About You,31W5EY0aAly4Qieq6OFu6I,2016,74,2016-09-16
6b8Be6ljOzmkOmFslEb23P,24K Magic,0du5cEVh5yTK9QJze8zA0C,2016,81,2016-11-17
34xTFwjPQ1dC6uJmleno7x,Godspeed,2h93pZq0e7k5yf4dywlkpM,2016,78,2016-08-20
5uQOauh47VFt3B2kV9kRXw,My Shit,31W5EY0aAly4Qieq6OFu6I,2016,74,2016-09-16
6Ac8Byr6GByGr3wDH7JjYh,white tee,2kCcBybjl3SAtIcwdWpUe3,2016,76,2016-06-10
5kqIPrATaCc2LqxVWzQGbk,7 Years,25u4wHJWxCA9vO0CzxAbK7,2016,82,2016-04-01
0B8QzDH7YWih85V5SEMnyJ,Money Longer,4O15NlyKLIASxsJ0PrXPfz,2016,74,2016-05-27
1WkMMavIMc4JZ8cfMmxHkI,"CAN'T STOP THE FEELING! (from DreamWorks Animation's ""TROLLS"")",31TPClRtHm23RisEBtV3X7,2016,73,2016-09-23
76hfruVvmfQbw0eYn1nmeC,Cake By The Ocean,6T5tfhQCknKG4UnH90qGnz,2016,81,2016-11-18
6eT7xZZlB2mwyzJ2sUKG6w,White Iverson,246dkjvS1zLTtiykXe5h60,2016,75,2016-12-09
75ZvA4QfFiZvzhj2xkaWAh,I Fall Apart,246dkjvS1zLTtiykXe5h60,2016,76,2016-12-09
4gh0ZnHzaTMT1sDga7Ek0N,sdp interlude,0Y5tJX1MQlPlqiwlOH1tJY,2016,79,2016-09-16
1yvMUkIOTeUNtNWlWRgANS,Unstoppable,5WUlDfRSoLAfcVSX1WnrxN,2016,78,2016-10-21
4uhvMW7ly7tJil31YYscAN,Erase Your Social,4O15NlyKLIASxsJ0PrXPfz,2016,73,2016-08-10
1OubIZ0ARYCUq5kceYUQiO,Congratulations (feat. Bilal),4LLpKhyESsyAXpc4laK94U,2016,77,2016-09-16
1i1fxkWeaMmKEB4T7zqbzK,Don't Let Me Down,69GGBxA162lTqCwzJG5jLp,2016,81,2016-02-05
5uDASfU19gDxSjW8cnCaBp,Chill Bill (feat. J. Davi$ & Spooks),2hWs22BmQkK4czFtDLnar2,2016,74,2016-06-17
63y6xWR4gXz7bnUGOk8iI6,Into You,66CXWjxzNUsdJxJ2JdwvnR,2016,71,2016-05-20
1boXOL0ua7N2iCOUVI1p9F,Japanese Denim,20wkVLutqVOYrc0kxFs7rA,2016,76,2016-10-21
2IVsRhKrx8hlQBOWy4qebo,Mr. Loverman,0ZUvK7zGdXLd78mQr3t1Tw,2016,80,2016-04-08
5yuShbu70mtHXY0yLzCQLQ,Go Flex,246dkjvS1zLTtiykXe5h60,2016,75,2016-12-09
2Ch7LmS7r2Gy2kc64wv3Bz,Die For You,1Xyo4u8uXC1ZmMpatF05PJ,2016,79,2016-11-25
4IZOdhEvXYWqh5XAXYzBk3,Wild as You,6zLBxLdl60ekBLpawtT63I,2016,70,2016-08-05
7zVCrzzEJU7u24sbJPXA5W,What Ifs (feat. Lauren Alaina),3oSJ7TBVCWMDMiYjXNiCKE,2016,71,2016-12-02
2uIX8YMNjGMD7441kqyyNU,ocean eyes,6qqNVTkY8uBg9cP3Jd7DAH,2016,71,2016-11-18
0lYBSQXN6rCTvUZvg9S0lU,Let Me Love You,540vIaP2JwjQb9dm3aArA4,2016,83,2016-08-05
0vbtURX4qv1l7besfwmnD8,I Took A Pill In Ibiza - Seeb Remix,2KsP6tYLJlTBvSUxnwlVWa,2016,82,2016-05-06
04mAOoQNsXmDJlyupJwmkO,Waiting Room,1r1uxoy19fzMxunt3ONAkG,2016,75,2016-08-12
3WALaE7UdNXx8VJ4lpWCK8,Hide Away,6Dd3NScHWwnW6obMFbl1BH,2016,76,2016-10-07
6RUhbFEhrvGISaQ8u2j2JN,Dangerous Woman,66CXWjxzNUsdJxJ2JdwvnR,2016,70,2016-05-20
35xSkNIXi504fcEwz9USRB,Solo,2h93pZq0e7k5yf4dywlkpM,2016,73,2016-08-20
6mb6lVLNrcUgLnEN8QnDJd,How Far I'll Go,5mnS9jJdKQQcRSqFu5YPVe,2016,72,2016-11-18
5TuTHrKzN6NweeQaKkBNb7,Relax,0U7iI0Dk4Ojvi17nZboNO4,2016,73,2016
5uZm7EFtP5aoTJvx5gv9Xf,Jungle,31W5EY0aAly4Qieq6OFu6I,2016,72,2016-09-16
3ppVO2tyWRRznNmONvt7Se,Summers Over Interlude,3TVXtAsR1Inumwj472S9r4,2016,72,2016-05-06
2Gyc6e2cLxA5hoX1NOvYnU,Say It,2jku7tDXc6XoB6MO2hFuqg,2016,74,2016-08-19
2DgdHcjWmO3qd50RzuBLgZ,House of Memories,20JZFwl6HVl6yg8a4H3ZqK,2016,78,2016-01-15
6U4VqEHy4n5VeiH4pQPL24,You're Welcome,1T8S48bD91THNKBByWBDyn,2016,72,2016-11-18
1Rt5f1CktdvBOLX2RfBO6K,beamer boy,2kCcBybjl3SAtIcwdWpUe3,2016,73,2016-01-21
37F0uwRSrdzkBiuj0D5UHI,Reminder,1Xyo4u8uXC1ZmMpatF05PJ,2016,81,2016-11-25
3cjF2OFRmip8spwZYQRKxP,Feel No Ways,3TVXtAsR1Inumwj472S9r4,2016,72,2016-05-06
34SQ0QfLSR316d8KL2zkuZ,With You I Am,6zLBxLdl60ekBLpawtT63I,2016,69,2016-08-05
2AXY5WABx7NjWw1zb4qCdc,Cleopatra,16oZKvXb6WkQlVAjwo2Wbg,2016,72,2016-04-08
19Xbs8nrPaB4XGK5nVBbFC,Something to Talk About,1Tie3AZgLQZqYEp8Fv4zOZ,2016,68,2016-08-17
3oBNQdDbNrs8wQbcZ3BXwP,Velvet Ring - 2023 Remaster,5QdyldG4Fl4TPiOIeMNpBZ,2016,72,2016
1A8j067qyiNwQnZT0bzUpZ,This Girl (Kungs Vs. Cookin' On 3 Burners),7keGfmQR4X5w0two1xKZ7d,2016,80,2016-11-04
37adYGaYaAWTGhBaOzX4Fh,Take A Slice,4yvcSjfu4PC0CYQyLy4wSq,2016,75,2016-08-26
7JEzAlwHhCD2M1cYE6BeqJ,Loving Machine,0Y6dVaC9DZtPNH4591M42W,2016,73,2016-02-25
10I3CmmwT0BkOVhduDy53o,Really Really,1gPhS1zisyXr5dHTYZyiMe,2016,69,2016-01-29
4F7A0DXBrmUAkp32uenhZt,Party Monster,1Xyo4u8uXC1ZmMpatF05PJ,2016,76,2016-11-25
1Fid2jjqsHViMX6xNH70hE,Atlantis,4Ly0KABsxlx4fNj63zJTrF,2016,81,2016-01-29
4dASQiO1Eoo3RJvt74FtXB,"Sucker for Pain (with Wiz Khalifa, Imagine Dragons, Logic & Ty Dolla $ign feat. X Ambassadors)",55Aa2cqylxrFIXC767Z865,2016,75,2016-06-24
72TFWvU3wUYdUuxejTTIzt,Work,5pKCCKE2ajJHZ9KAiaK11H,2016,78,2016-01-28
4VqEUmMjhbj6w7g5EVKILE,castles,2kCcBybjl3SAtIcwdWpUe3,2016,73,2016-07-04
6fujklziTHa8uoM5OQSfIo,Black Beatles,7iZtZyCzp3LItcw1wtPI3D,2016,74,2016-08-12
2R3I5DiDf8bLz2QjrPmUpk,Vagabond,0wyMPXGfOuQzNR54ujR9Ix,2016,70,2016-03-08
0wwPcA6wtMf6HUMpIRdeP7,Hotline Bling,3TVXtAsR1Inumwj472S9r4,2016,76,2016-05-06
1vvNmPOiUuyCbgWmtc6yfm,My Way,7CajNmpbOovFoOoasH2HaY,2016,80,2016-09-16
23A29DEDxMZdwpl0ZRrMOk,"All That Glitters Is Not Gold, But It's Still Damn Beautiful",1VPmR4DJC1PlOtd0IADAO0,2016,69,2016-12-17
0UHB9METy4VCXNgkcGqHqS,Kiss It Better,5pKCCKE2ajJHZ9KAiaK11H,2016,78,2016-01-28
5UyBjTBy4XxqQT2qHksbo0,A Life Where We Work Out (with Kaitlin Butts),4SfGzWmeoNPKIOmiyc7Pav,2016,67,2016-04-01
6cEguiQecbXrFlsnMi2ysr,Come and See Me (feat. Drake),2HPaUgqeutzr3jx5a9WyDV,2016,71,2016-08-12
40MskkY7wsFIzhPy19NNTP,Emo Boy,7M5pDtJpCdnftEQZtczYco,2016,73,2016-04-20
4RvW5ggYKC7bCDX4UUSSDc,Sleep On The Floor,16oZKvXb6WkQlVAjwo2Wbg,2016,72,2016-04-08
19YKaevk2bce4odJkP5L22,Nikes,2h93pZq0e7k5yf4dywlkpM,2016,72,2016-08-20
3LLYTletE6uiRZ0hgMSrCN,Kill Yourself (Part IV),1VPmR4DJC1PlOtd0IADAO0,2016,69,2016-10-09
5hc71nKsUgtwQ3z52KEKQk,Somebody Else,3mIj9lX2MWuHmhNCA7LSCW,2016,70,2016-02-26
6wycnu8FWXsj68ig7BEot9,Blue Ain't Your Color,0u2FHSq3ln94y5Q57xazwf,2016,67,2016-05-06
6mapJIPnQ23RTAevUoE0DL,Swang,7iZtZyCzp3LItcw1wtPI3D,2016,71,2016-08-12
2VyaGJJI8dOiv36F8vHZIL,Slow Down,7cYEt1pqMgXJdq00hAwVpT,2016,77,2016-12-20
1BViPjTT585XAhkUUrkts0,Seigfried,2h93pZq0e7k5yf4dywlkpM,2016,71,2016-08-20
498ZVInMGDkmmNVpSWqHiZ,May We All,3b8QkneNDz4JHKKKlLgYZg,2016,68,2016-08-26
6C1RD7YQVvt3YQj0CmuTeu,Diles,4q3ewBCX7sLwd24euuV69X,2016,79,2016-08-26
0PDUDa38GO8lMxLCRc4lL1,PILLOWTALK,5ZsFI1h6hIdQRw2ti0hz81,2016,76,2016-03-25
3IyCL4Em1GOpNGDf451Hg1,Could Have Been Me,3lDpdwM8KILepMHqBWUhIA,2016,71,2016-03-04
0AUURXuRvLPKEH6KaJZSXy,Speak Too Soon,59sBwR0jPSTrbMtuTkRPN5,2016,69,2016-04-16
35r28RDot7nPE7y9K9H7l0,Feeling Whitney,246dkjvS1zLTtiykXe5h60,2016,70,2016-12-09
3BtuIIrQlkujKPuWF2B85z,Too Good,3TVXtAsR1Inumwj472S9r4,2016,73,2016-05-06
7qshYIOUFQAGgYfWXg1m9N,Velvet Ring,5QdyldG4Fl4TPiOIeMNpBZ,2016,70,2016-05-27
5iUQMwxUPdJBFeGkePtM66,Dang! (feat. Anderson .Paak),4LLpKhyESsyAXpc4laK94U,2016,71,2016-09-16
23L5CiUhw2jV1OIMwthR3S,In the Name of Love,60d24wfXkVzDSfLS6hyCjZ,2016,78,2016-07-29
32B4HyegZNlYIWhENs8FcZ,Memoirs of a Gorilla,1VPmR4DJC1PlOtd0IADAO0,2016,68,2016-07-22
0utlOiJy2weVl9WTkcEWHy,Neighbors,6l3HvQ5sa6mXTsMTB19rO5,2016,69,2016-12-09
6Aa7aDayiQHnUw1dUvdneZ,Donald Trump,4LLpKhyESsyAXpc4laK94U,2016,69,2016-06-03
7BiELrM90hRxpozaIXbsLw,Sex With Me,5pKCCKE2ajJHZ9KAiaK11H,2016,71,2016-01-28
5NvOZCjZaGGGL597exlQWv,Line Without a Hook,0ZUvK7zGdXLd78mQr3t1Tw,2016,77,2016-04-08
43bCmCI0nSgcT7QdMXY6LV,Side To Side,66CXWjxzNUsdJxJ2JdwvnR,2016,66,2016-05-20
6fwdbPMwP1zVStm8FybmkO,X (feat. Future),1URnnhqYAYcrqrcwql10ft,2016,70,2016-07-15
3dhjNA0jGA8vHBQ1VdD6vV,I Feel It Coming,1Xyo4u8uXC1ZmMpatF05PJ,2016,77,2016-11-25
2bwSCIuNtVrQPVddCi8sOW,Where You Are,6sLwRSXSUF5JTUnQaFenyj,2016,69,2016-11-18
0kN8xEmgMW9mh7UmDYHlJP,Versace on the Floor,0du5cEVh5yTK9QJze8zA0C,2016,79,2016-11-17
0i8JFpqe9cKwnrcvoNgl1L,Feel Invincible,49bzE5vRBRIota4qeHtQM8,2016,73,2016-08-05
2yS8aYWXEWJ1NlZ7VPDroT,Me Vas a Extrañar,2C6i0I5RiGzDKN9IAF8reh,2016,76,2016-02-05
1lEk3U3MzbDeL5MNHkE9JU,O Come to the Altar (Live),3YCKuqpv9nCsIhJ2v8SMix,2016,69,2016-02-05
5CG9Ps5ynNjpKJHmwc95pa,Somewhere On A Beach,7x8nK0m0cP2ksQf0mjWdPS,2016,66,2016-06-10
50QL2fqn6EDwpBUJ5QaQ4m,Porch Swing Angel,0EyZDKtc41e4A3a3v69MxD,2016,66,2016-04-17
4rJesaufMl2xD0f2G8Xgnd,Stone,26opZSJcXshCmCwxgZQmBc,2016,67,2016-09-09
4gmmRb6bZJffOOiww1JGTO,No Heart,1URnnhqYAYcrqrcwql10ft,2016,69,2016-07-15
1ucnuV88gFTfR3BalmznDk,Lover Is a Day,2Tglaf8nvDzwSQnpSrjLHP,2016,72,2016-07-09
37f4ITSlgPX81ad2EvmVQr,Fight Song,3QLIkT4rD2FMusaqmkepbq,2016,73,2016-01-01
0g5EKLgdKvNlln7TNqBByK,Middle,540vIaP2JwjQb9dm3aArA4,2016,75,2016-08-05
6WC5fhc9XMaCrUNKNjm9xE,Thumbs,74KM79TiuVKeVCqs8QtB0B,2016,73,2016-10-14
0TQ9Hf5DwI9crGZSIlq445,I Know She Ain't Ready,718COspgdWOnwOFpJHRZHS,2016,68,2016-11-04
3HQcsqRjRdruUjkbDSgmVF,Woo,5pKCCKE2ajJHZ9KAiaK11H,2016,73,2016-01-28
5GXAXm5YOmYT0kL5jHvYBt,I Feel It Coming,1Xyo4u8uXC1ZmMpatF05PJ,2016,76,2016-11-24
3NE5nGm06kB8QQbQqJaOke,Once More to See You,2uYWxilOVlUdk4oV9DvwqK,2016,71,2016-06-17
3O8NlPh2LByMU9lSRSHedm,Controlla,3TVXtAsR1Inumwj472S9r4,2016,71,2016-05-06
7DbdUf8aHSYoliSjO6LZv6,"Sex, Drugs, Etc.",7I3bkknknQkIiatWiupQgD,2016,75,2016-11-04
0zLClc0emc6qUeV1p5nc99,No More Parties In LA,5K4W6rqBFWDnAN6FQUkS6x,2016,70,2016-06-10
1LPGwuFgIzbJoShfDdw7MY,Youth,4yvcSjfu4PC0CYQyLy4wSq,2016,69,2016-08-26
5masKPHeAOVNgxdLebIcK7,Stole the Show,23fqKkggKUBHNkbKtXEls4,2016,78,2016-05-13
3nAq2hCr1oWsIU54tS98pL,Waves,5K4W6rqBFWDnAN6FQUkS6x,2016,69,2016-06-10
1BECwm5qkaBwlbfo4kpYx8,Death of a Bachelor,20JZFwl6HVl6yg8a4H3ZqK,2016,67,2016-01-15
7MiZjKawmXTsTNePyTfPyL,Devil Eyes,4dM6NDYSfLcspt8GLoT5aE,2016,76,2016-02-05
6w2rrJsn8Qpa7veSaVAyKh,"Sit Still, Look Pretty",6Dd3NScHWwnW6obMFbl1BH,2016,72,2016-10-07
4EDijkJdHBZZ0GwJ12iTAj,Stargirl Interlude,1Xyo4u8uXC1ZmMpatF05PJ,2016,73,2016-11-25
1SamKkYJelI1ktQMrtBtfW,Oxygen,6GkJh85o22LfD2vgL9DP6f,2016,65,2016-07-15
1TQuqiFxqnVeez9OMq3emB,Home,0U7iI0Dk4Ojvi17nZboNO4,2016,69,2016
4tCtwWceOPWzenK2HAIJSb,Work from Home (feat. Ty Dolla $ign),1l8Fu6IkuTP0U5QetQJ5Xt,2016,75,2016-05-27
2EEeOnHehOozLq4aS0n6SL,iSpy (feat. Lil Yachty),4qBgvVog0wzW75IQ48mU7v,2016,68,2016-12-02
6snoOAATGyud5oaIT9gwws,The Happy Song,6Xb4ezwoAQC4516kI89nWz,2016,73,2016-10-17
0BCy325UZyR9z0t0uxwn2N,H.O.L.Y.,3b8QkneNDz4JHKKKlLgYZg,2016,67,2016-08-26
6YH2r9NyEJTjlRmKOCvxgJ,We Know The Way,759h9uEwoHm8KKq1pGI9RH,2016,67,2016-11-18
2WZTzjYMHYmadyQjSZ6Vj4,"February 28, 2016",1Tie3AZgLQZqYEp8Fv4zOZ,2016,64,2016-08-17
55Am8neGJkdj2ADaM3aw5H,Train Wreck,4IWBUUAFIplrNtaOHcJPRM,2016,77,2016-10-28
4cg1yakyRSIOjxKM2I7J1q,Digits,50co4Is1HCEo8bhOyUWKpn,2016,68,2016-03-25
6gwMhuVPNWwFTTKHKRtJun,All the Debts I Owe,0wyMPXGfOuQzNR54ujR9Ix,2016,66,2016-03-08
0rRjGruFonCGOt0S5zAJNQ,The Other Side Of Paradise,4yvcSjfu4PC0CYQyLy4wSq,2016,69,2016-08-26
7vRriwrloYVaoAe3a9wJHe,"i hate u, i love u (feat. olivia o'brien)",3iri9nBFs9e4wN7PLIetAw,2016,74,2016-03-25
2ONIJ40u0Attbm3miIIpNO,Cheap Thrills (feat. Sean Paul),5WUlDfRSoLAfcVSX1WnrxN,2016,69,2016-10-21
19a3JfW8BQwqHWUMbcqSx8,Famous,5K4W6rqBFWDnAN6FQUkS6x,2016,71,2016-06-10
4GXl8l1MfZPf2GvpyRPJBf,pick up the phone,50co4Is1HCEo8bhOyUWKpn,2016,70,2016-06-03
0wdKiSBUT7aZkXUIdJWcwC,2 Phones,1gPhS1zisyXr5dHTYZyiMe,2016,66,2016-01-29
6od5hFv9IT5JHc7NEF9HRv,Victorious,20JZFwl6HVl6yg8a4H3ZqK,2016,68,2016-01-15
7DcJ6fEBb7BaKuYKTwiDxK,Homage,5J81VungUjSVHxlPpTI9KG,2016,73,2016-08-26
44x52QgzCxa1VdrLLNZMaw,Sarcophagus II,3H6CaRooDAoCeRCpYwOXj2,2016,66,2016-01-06
0qHbOme0fFyIWLNie9HG2t,Champion of Death,1VPmR4DJC1PlOtd0IADAO0,2016,66,2016-07-22
0cQvicmQo8syJ2Zv8aYDfN,O Pana!,1VPmR4DJC1PlOtd0IADAO0,2016,66,2016-09-11
2RPbEp0DyBVlkRvvYKopO7,Wat's Wrong (feat. Zacari & Kendrick Lamar),6aaMZ3fcfLv4tEbmY7bjRM,2016,68,2016-09-02
4BhGTc3Cgay2U1QcTS7vQe,Fire & Desire,3TVXtAsR1Inumwj472S9r4,2016,68,2016-05-06
63CHa6rmamv9OsehkRD8oz,Against All Odds (Take a Look at Me Now) - 2016 Remaster,4lxfqrEsLX6N1N4OCSkILp,2016,77,2016-10-14
5jl8wCqKCHCux0uWf3d7O9,walk away as the door slams,2kCcBybjl3SAtIcwdWpUe3,2016,69,2016-09-25
2ANLarE8yHVsLWW21nj79M,You Was Right,4O15NlyKLIASxsJ0PrXPfz,2016,65,2016-05-27
5XMkENs3GfeRza8MfVAhjK,Finesse,0du5cEVh5yTK9QJze8zA0C,2016,72,2016-11-17
26OhjtaTamFocE08t83ml6,"Psycho, Pt. 2",1z7b1Pr1rSlvWRzsW3HOrS,2016,69,2016-11-08
5HGxLtYxTriF7mMiriSpaz,You Were Right,5Pb27ujIyYb33zBqVysBkj,2016,72,2016-01-22
1I8tHoNBFTuoJAlh4hfVVE,Firestone,23fqKkggKUBHNkbKtXEls4,2016,78,2016-05-13
4mCf3vQf7z0Yseo0RxAi3V,Desperado,5pKCCKE2ajJHZ9KAiaK11H,2016,69,2016-01-28
6t90Z9XkdsHD8xMxro6KRP,Consideration,5pKCCKE2ajJHZ9KAiaK11H,2016,69,2016-01-28
14gdERIqymApVn9vcsbmZ3,Never Be Like You (feat. Kai),6nxWCVXbOlEVRexSbLsTer,2016,64,2016-05-27
6I6NX6tjGsxFAsIfGzY9lJ,Deja Vu,6l3HvQ5sa6mXTsMTB19rO5,2016,67,2016-12-09
4h90qkbnW1Qq6pBhoPvwko,Sidewalks,1Xyo4u8uXC1ZmMpatF05PJ,2016,71,2016-11-25
0qy5D3OJre7SPJNMOL9I71,Broccoli,5M0lbkGluOPXLeFjApw8r8,2016,63,2016-04-06
4AtZRwSR8BOTTQg5ihSggt,PRBLMS,4IVAbR2w4JJNJDDRFP3E83,2016,67,2016-11-18
4Ce37cRWvM1vIGGynKcs22,Starving,5p7f24Rk5HkUZsaS3BLG5F,2016,71,2016-07-22
7g5qe8VITjr13RIe8uM2p6,Your Best American Girl,2uYWxilOVlUdk4oV9DvwqK,2016,69,2016-06-17
3S4px9f4lceWdKf0gWciFu,Cheap Thrills,5WUlDfRSoLAfcVSX1WnrxN,2016,67,2016-10-21
0JwfrZk5keNp3SYhZn6Wi1,No One Knows,3tlXnStJ1fFhdScmQeLpuG,2016,67,2016-09-20
7zsXy7vlHdItvUSH8EwQss,Cold Water,738wLrAtLtCtFOLvQBXOXp,2016,66,2016-07-22
0v9Wz8o0BT8DU38R4ddjeH,No Problem (feat. Lil Wayne & 2 Chainz),1anyVhU62p31KFi8MEzkbf,2016,65,2016-05-27
55aOpqGaMRWhwm6cDPUtsV,white wine,2kCcBybjl3SAtIcwdWpUe3,2016,67,2016-07-04
2YFc0r6PUWDAeE38vJnCxR,ghost girl,2kCcBybjl3SAtIcwdWpUe3,2016,68,2016-06-10
3dqUv6E7L24BDImpGJWYGL,Can't Help Falling in Love,5cKlE8f6b26h61Ml7m052Q,2016,72,2016-04-29
5tFep7dXGd7vEJ668wTPux,Both (feat. Drake),13y7CgLHjMVRMDqxdx0Xdo,2016,66,2016-12-16
1NBJoYCz83qtBFGGPgfTkQ,Sheriff You Want To,718COspgdWOnwOFpJHRZHS,2016,65,2016-11-04
0zfLZO4iwrwWu9Gqfdj5ha,cobain,2kCcBybjl3SAtIcwdWpUe3,2016,67,2016-09-25
5Yx9t9RgATAtYoHN8gbRM0,Fool,0x4xCoWaOFd3WsKarzaxnW,2016,68,2016-04-01
0jYfN0oxUjdYmAifDBORz9,Friends,0U7iI0Dk4Ojvi17nZboNO4,2016,67,2016
66wkCYWlXzSTQAfnsPBptt,My Favorite Part,4LLpKhyESsyAXpc4laK94U,2016,69,2016-09-16
7mTOeGfsxp8WXvVLL2B76c,right here,2kCcBybjl3SAtIcwdWpUe3,2016,70,2016-11-15
2H30WL3exSctlDC9GyRbD4,Live Well,48vDIufGC8ujPuBiTxY8dm,2016,66,2016-11-04
7xrgjsuZwFtv25ELEMKkpl,Tomorrow,1fZpYWNWdL5Z3wrDtISFUH,2016,64,2016-09-02
3px2rAPu74ltbkf9eZsZ8h,Emperor's New Clothes,20JZFwl6HVl6yg8a4H3ZqK,2016,67,2016-01-15
01JPQ87UHeGysPVwTqMJHK,She Don't (feat. Ty Dolla $Ign),7HkdQ0gt53LP4zmHsL0nap,2016,67,2016-02-15
3s5NrHgyTkuinl0TgHCHeK,Hurricane,5K4gVy6DhNd39mSjuK95Y7,2016,63,2016-01-01
2C2TGgFzrTRIOdQS1vUN5h,Ginza,1vyhD5VmyZ7KMfW5gqLgo5,2016,75,2016-06-24
6zUy2nnchfZpzaDalE6sO2,Circles,4iJLPqClelZOBCBifm8Fzv,2016,65,2016-05-13
6kcHg7XL6SKyPNd78daRBL,Sweet Talk,1dWEYMPtNmvSVaDNLgB6NV,2016,65,2016-10-21
5hyq3LBlCfjRQAFkdQwe8o,Vroom Vroom,25uiPmTg16RbhZWAqwLBy5,2016,67,2016-02-26
60fUDmIWuKhngaeBIVhqIV,Stranded,0GDGKpJFhVpcjIGF8N6Ewt,2016,70,2016-06-17
19aUuDd6udp1ACNo9t3IuZ,Death Cup,6PsktPFR0UZptKdSqmlS5h,2016,64,2016-07-03
6KI1ZpZWYAJLvmVhCJz65G,You Don't Own Me (feat. G-Eazy),6y5amJcTjeDgLXIjtQLMst,2016,73,2016-07-01
4Kup1kDTLoJaUMgpGFPqau,Married To The Game,1RyvyyTE3xzB2ZywiAwp0i,2016,66,2016-10-13
6K4Co1NQyOnoFEJMkZHkln,James Joint,5pKCCKE2ajJHZ9KAiaK11H,2016,66,2016-01-28
08wJ1B9yu9sPeoRa5fbpr3,It Ain't My Fault,39NR3AUhpbbqKM33vWn2fp,2016,64,2016-01-15
4EETgKkkLxXrsrc0q50K1P,Half a Song,6zLBxLdl60ekBLpawtT63I,2016,63,2016-08-05
49vZduMPCMnDDrl1WBxUDk,Let Me Love You,66CXWjxzNUsdJxJ2JdwvnR,2016,63,2016-05-20
3lB0GMiI5KxDbTOG8V3bOx,waves - Tame Impala Remix,360IAlyVv4PCEVjgyMZrxK,2016,65,2016-02-26
6NSMQFKgjpQb0KkjMDYIK0,Tu No Vive Asi (feat. Mambo Kingz & DJ Luian),4SsVbpTthjScTS7U2hmr1X,2016,76,2016-09-30
0ESJlaM8CE1jRWaNtwSNj8,beibs in the trap,0Y5tJX1MQlPlqiwlOH1tJY,2016,68,2016-09-16
7dZ1Odmx9jWIweQSatnRqo,Million Reasons,1HY2Jd0NmPuamShAr6KMms,2016,74,2016-10-21
0t0WIrjRcvgBAwLlby2gsZ,Down,3jFjgKOGfVLWfXX8q5wrsg,2016,72,2016-11-04
4BfJmlzP0ErWns1YM1XASc,Gym Class,2kCcBybjl3SAtIcwdWpUe3,2016,67,2016-03-30
37FXw5QGFN7uwwsLy8uAc0,We Don't Talk Anymore (feat. Selena Gomez),6VuMaDnrHyPL1p4EHjYLi7,2016,63,2016-01-29
5O9Dz0h08LuBi0aVvDcylh,The Resistance,49bzE5vRBRIota4qeHtQM8,2016,70,2016-08-05
1N3dZ7TTWO6VcD4Y3hHYLZ,Try Everything,0EmeFodog0BfCgMzAIvKQp,2016,69,2016-02-12
2fh3bZ8jZhMxOcfESE9nQY,Don't Threaten Me with a Good Time,20JZFwl6HVl6yg8a4H3ZqK,2016,65,2016-01-15
4xR3MAscflQ262kMeiKshQ,Skyline To,2h93pZq0e7k5yf4dywlkpM,2016,67,2016-08-20
3NxAG2ni1lLa8RKL6a0INc,Childs Play,3TVXtAsR1Inumwj472S9r4,2016,65,2016-05-06
6g0Orsxv6glTJCt4cHsRsQ,Formation,6vWDO969PvNqNYHIOW5v0m,2016,68,2016-04-23
2VlLbhGLVJgdOW7kKdWWFc,Six Feet Under,6qqNVTkY8uBg9cP3Jd7DAH,2016,72,2016-11-17
6M0IsaUX4GNyto4niSegfI,No Option,246dkjvS1zLTtiykXe5h60,2016,66,2016-12-09
12n0Z1dIlqXZYXx43MSHoG,Love,1Tie3AZgLQZqYEp8Fv4zOZ,2016,62,2016-08-17
0I0MPzbmzsjpttpkqWgNyx,Crack Baby,2uYWxilOVlUdk4oV9DvwqK,2016,67,2016-06-17
0lPXFrKyl8HkdQ2E6NmNja,Ya Me Enteré,0vR2qb8m9WHeZ5ByCbimq2,2016,77,2016-06-17
0dV2XGlA08rObQZdL4mPOK,Angela,16oZKvXb6WkQlVAjwo2Wbg,2016,65,2016-04-08
0QQIhT6PtJ5glyn4HKNKQ6,All the Pretty Girls,7jdFEYD2LTYjfwxOdlVjmc,2016,69,2016-06-10
0SuLAslEMFZAXf0SwY7syi,All Time Low,50JJSqHUf2RQ9xsHs0KMHg,2016,62,2016-06-10
0mb7btREdC3wuIUmuVRgWn,"I'm Still Standing - From ""Sing"" Original Motion Picture Soundtrack",5nwjcZ87CGNRiO98nFKdOD,2016,64,2016-12-09
1MtUq6Wp1eQ8PC6BbPCj8P,I Took A Pill In Ibiza - Seeb Remix,2KsP6tYLJlTBvSUxnwlVWa,2016,65,2016-05-06
2ACOWPLUe4A4KuQ5ioD2od,That's My Girl,1l8Fu6IkuTP0U5QetQJ5Xt,2016,71,2016-05-27
1Vk4yRsz0iBzDiZEoFMQyv,Mia & Sebastian’s Theme,2snm3HmsnDUDxbIChdl2Oj,2016,69,2016-12-09
2oaK4JLVnmRGIO9ytBE1bt,Dark Necessities,0L8ExT028jH3ddEcZwqJJ5,2016,72,2016-06-17
2NaGl56lq71UMzDSI8jmJ3,Away,0U7iI0Dk4Ojvi17nZboNO4,2016,65,2016
5ExWCOYjZbMEZCIdlfH2dO,Song About Me,0Y6dVaC9DZtPNH4591M42W,2016,67,2016-02-25
4hsfmsuosaW4ryEGVAhuxq,Where The Skies Are Blue,16oZKvXb6WkQlVAjwo2Wbg,2016,64,2016-04-08
1JxhrUWZjuI8AOjDJ1JpMN,Soy Peor,4q3ewBCX7sLwd24euuV69X,2016,72,2016-12-08
50Hylr3XgpE10oDIahc6Cm,Love Survive,1VfgWum48nwYJcCfdPwWgs,2016,65,2016-09-23
4NZrZgrRoR4GwR7flWOXRI,Go Fuck Yourself,5sWHDYs0csV6RS48xBl0tH,2016,72,2016-07-29
7vVsDu0gTg6oZtrKy7pXcW,Can I Get an Outlaw,718COspgdWOnwOFpJHRZHS,2016,64,2016-11-04
0hUepWE4GoMwtKgU8vE617,G.O.A.T.,7ibAWtDtmEfaVhc1FJ3Vl9,2016,67,2016-09-09
2AKH61h31qN7ka2tAGxFUO,absolute in doubt,2kCcBybjl3SAtIcwdWpUe3,2016,67,2016-06-10
1mWdyqs6Zvg8b1lKjDc8yB,Good Good Father,6pRi6EIPXz4QJEOEsBaA0m,2016,65,2016-04-29
20dP2DaMHIAmwWAbp7peSr,pick up the phone,50co4Is1HCEo8bhOyUWKpn,2016,68,2016-09-16
5pxtj7cCnv2hZe6mbS2MBx,Lovin' Feeling,6MJKlN8ya42Agsw3iQZs6e,2016,73,2016-10-21
6JjEVlMkfHWMeYavkEYzNO,Gassed Up,5lCY3tqdQxbeg5igSlObaT,2016,64,2016-08-26
1eQBEelI2NCy7AUTerX0KS,Ultralight Beam,5K4W6rqBFWDnAN6FQUkS6x,2016,66,2016-06-10
5bBUDJUfGcG7eFy3Bf4fXv,untitled 08 | 09.06.2014.,2YZyLoL8N0Wb9xBt1NhZWg,2016,65,2016-03-04
60xaS8mYBKUW4VQQ666N0T,All Night (feat. Knox Fortune),1anyVhU62p31KFi8MEzkbf,2016,65,2016-05-27
3pjUyVbFmM96tYhSaKJwTt,Change,6l3HvQ5sa6mXTsMTB19rO5,2016,66,2016-12-09
1gZNqH0rDxD1mXLeul1Qq7,Time for That,1gPhS1zisyXr5dHTYZyiMe,2016,61,2016-01-29
2XgTw2co6xv95TmKpMcL70,Square Hammer,1Qp56T7n950O3EGMsSl81D,2016,63,2016-09-16
1OgoDWWGzCe6uwVdo2pozN,Gravity,7wlFDEWiM5OoIAt8RSli8b,2016,62,2016-10-28
5f6esnDQcBiFAm8iMfkw12,Silkk da Shocka (feat. Syd),6aaMZ3fcfLv4tEbmY7bjRM,2016,64,2016-09-02
1IZwCzAmaFmmdJj0cmhaax,Shiny,1Ymky4GOgYA1NI96FCY8yE,2016,64,2016-11-18
0VhgEqMTNZwYL1ARDLLNCX,Can I Be Him,4IWBUUAFIplrNtaOHcJPRM,2016,77,2016-10-28
4E6QZS2KoOE1U64yMrtpIN,Join Us for a Bite,5qvrAlKjc0Sqrqz6v2wBGk,2016,67,2016-02-22
3K7xYRXPFDVyen7cZF5Zk2,Get Back Up Again,6xfqnpe2HnLVUaYXs2F8YS,2016,65,2016-09-23
6aommJFM8i3iT4inKuDSXh,Chachachá,1LMyTeRhjaitILs98h3MaF,2016,79,2016-10-14
6uk7QQiWRDjPHSiSMZlez8,I Am Moana (Song of the Ancestors),1kB7GlXzdNWl28zLcOkQqU,2016,64,2016-11-18
6CGMZijOAZvTXG21T8t6R0,Innerbloom,5Pb27ujIyYb33zBqVysBkj,2016,73,2016-01-22
1ehPJRt49h6N0LoryqKZXq,How Far I'll Go - Alessia Cara Version,2wUjUUtkb5lvLKcGKsKqsR,2016,63,2016-11-18
1VZLEW5ZfcAbKZ94XQiSZF,Close To You,2h93pZq0e7k5yf4dywlkpM,2016,66,2016-08-20
0YSTRuZ7elW9CEBfZJW5Js,Hard For,1gPhS1zisyXr5dHTYZyiMe,2016,62,2016-01-29
4IWGnyOHDrVZEtPWfs4s7q,Do What I Want,4O15NlyKLIASxsJ0PrXPfz,2016,63,2016-08-10
1IqF5PUDUnaykHLs0RWbDO,Time Moves Slow,65dGLGjkw3UbddUg2GKQoZ,2016,67,2016-07-08
5lr877wwUsB8inLGywHKxa,Caile,4q3ewBCX7sLwd24euuV69X,2016,74,2016-12-25
36phXHOKx8rO7CMp2vNX4x,Love Myself,5p7f24Rk5HkUZsaS3BLG5F,2016,66,2016-02-26
5LlsD7LdSMkGV4Iu0a2Zq0,Waste A Moment,2qk9voo8llSGYcZ6xrBzKx,2016,70,2016-10-14
4V3BVJxfVsGTTMPvlqMVR2,Una Banda Y Un Corrido,5IaAggho4F1gWHE5REe1e8,2016,65,2016-05-26
3RKjTYlQrtLXCq5ncswBPp,"Hey, Mickey!",3IJ21966TwNZI24MwZHMu4,2016,69,2016-09-27
16Ah4QqH4mgYVXqfC4mdSd,LUV,2jku7tDXc6XoB6MO2hFuqg,2016,67,2016-08-19
1cncTuPOwiP1jlPH9U7qkH,The Wheels on the Bus,1hhxuU75sJtitW71UWiCAP,2016,65,2016-08-28
3lSDIJ2abCrOdDJ6pshUap,Close,4Rxn7Im3LGfyRkY2FlHhWi,2016,66,2016-06-10
23EkfwUdsRIz7jAZIcC8gb,Stay A Little Longer,39NR3AUhpbbqKM33vWn2fp,2016,62,2016-01-15
0lQJBl9YEsoMtE8D4yTE9g,From the Ground Up,7z5WFjZAIYejWy0NI5lv4T,2016,62,2016-06-03
70kdJnm1X6eEM8DbWa8Mnc,YOU'RE THE ONE,6qgnBH6iDM91ipVXv28OMu,2016,67,2016-05-06
4gsR34XSIE2fUY4odwZqym,Seventeen,32Ko3nL0210QAt14S3Rs4Y,2016,63,2016-08-05
38gZVjeaeR3gcnCzziAxBm,Middle of a Memory,1mfDfLsMxYcOOZkzBxvSVW,2016,61,2016-05-06
04boE4u1AupbrGlI62WvoO,White Noise 3 Hour Long,2c5WYCqQGs0UttiLCzVfOe,2016,66,2016-12-04
663iLprLvjr0JatL4IVqUH,Fuss and Fight,1Tie3AZgLQZqYEp8Fv4zOZ,2016,61,2016-08-17
63thx7OANplv4I4BQsanHk,You Should Be Here,1mfDfLsMxYcOOZkzBxvSVW,2016,61,2016-05-06
2Lk8XTulavagQOrYqFpGB8,Dust in a Baggie,1ZN1c1qWEGZNX1pGeKCPpf,2016,61,2016-06-10
77U6kcldLRFl9vCfaw11Sr,Champagne & Sunshine,4V2pR2iSd1g0RZCglrP3jn,2016,69,2016-11-18
72zmwnbXjx9fMUjw3mbDSs,All We Ever Knew,0n94vC3S9c3mb2HyNAOcjg,2016,62,2016-09-09
0HtOJj7Kl74s1Ngf3MWeif,She's Mine Pt. 1,6l3HvQ5sa6mXTsMTB19rO5,2016,63,2016-12-09
2bX3Cb6QE8OetYBwJKnd0o,Southern Land,58nB2Z6IiDdTUTwHYw56xI,2016,61,2016-05-06
0ErK6K0kYr0Ow2RkPMhmMs,Shout Out to My Ex,3e7awlrlDSwF3iM0WBjGMp,2016,71,2016-11-18
2fXIrAxHbMeLukqcQTyhrh,nineteen,2kCcBybjl3SAtIcwdWpUe3,2016,65,2016-06-10
2lpygKqzPFtItQ4ss3cgfb,Cinderella (feat. Ty Dolla $ign),4LLpKhyESsyAXpc4laK94U,2016,64,2016-09-16
0uRHot8ml8U8cYVwwzMwNT,Corazon De Seda (feat. Ozuna),6ejQ8vRKDUNBT2UyG3OaAM,2016,69,2016-02-12
5rmcjZTrE9JR1YrbNZDFNW,She's Mine Pt. 2,6l3HvQ5sa6mXTsMTB19rO5,2016,63,2016-12-09
7K5dzhGda2vRTaAWYI3hrb,"Just Like Fire (From the Original Motion Picture ""Alice Through The Looking Glass"")",1KCSPY1glIKqW2TotWuXOR,2016,68,2016-04-15
2fmCA13dwQQOGBIbIOWRiJ,LA Devotee,20JZFwl6HVl6yg8a4H3ZqK,2016,64,2016-01-15
1kEINOBYcSCQ5RwkP65g2A,Drive By,7ibAWtDtmEfaVhc1FJ3Vl9,2016,70,2016-09-09
5z4O1H0vFY0Nh4ZMtfgapP,Solo Con Verte,2C6i0I5RiGzDKN9IAF8reh,2016,70,2016-02-05
1o0kWPueYo94LIjPYOE5Nf,Saint Pablo,5K4W6rqBFWDnAN6FQUkS6x,2016,67,2016-06-10
1vvnYpYEMVB4aq9I6tHIEB,4 Your Eyez Only,6l3HvQ5sa6mXTsMTB19rO5,2016,64,2016-12-09
6dKHEOxmG7I6SraR7QFT6e,D.T.B. (Interlude),31W5EY0aAly4Qieq6OFu6I,2016,62,2016-09-16
5f1j3h5DBkLpGfb90QGFvR,Below the Surface,4YbLu4l7vHlJPD9yGjCkRu,2016,68,2016-10-13
0OMRAvrtLWE2TvcXorRiB9,La Gozadera (feat. Marc Anthony),2cy1zPcrFcXAJTP0APWewL,2016,74,2016-04-22
3NfqN997u9A3YAAafgzhIa,All I Think About Now,6zvul52xwTWzilBZl6BUbT,2016,66,2016-09-30
6xpF0dbtDGmEd0En18Kfwl,Wandering Child,59sBwR0jPSTrbMtuTkRPN5,2016,63,2016-04-16
5C5gvDZsl6d8bh89URfKHr,Pork Soda,4yvcSjfu4PC0CYQyLy4wSq,2016,63,2016-08-26
1gGsNNUfvVMOv4llVMg8Vg,Ps & Qs,4O15NlyKLIASxsJ0PrXPfz,2016,62,2016-05-27
2glGP8kEfACgJdZ86kWxhN,Are You With Me - Radio Edit,7f5Zgnp2spUuuzKplmRkt7,2016,69,2016-10-21
3LmuxO8mh3wwIfRUqHJFFy,I'm The Man,3q7HBObVc0L8jNeTe5Gofh,2016,67,2016-02-12
53abh5ktBFzuI1LCIr0bqV,hellboy,2kCcBybjl3SAtIcwdWpUe3,2016,65,2016-09-25
5W7hhtxN03ifV6O0c6XCkS,lil jeep,2kCcBybjl3SAtIcwdWpUe3,2016,65,2016-06-10
0Tr5G2mE56eLUGvCaXRM8I,No Good,7jdFEYD2LTYjfwxOdlVjmc,2016,67,2016-06-10
0WyFpxYlBCgH1gMXd26OOr,Flatliner (feat. Dierks Bentley),1mfDfLsMxYcOOZkzBxvSVW,2016,61,2016-05-06
5FX89IUKm9QJT9ymrmyK4k,Free Lunch,6aaMZ3fcfLv4tEbmY7bjRM,2016,64,2016-09-02
2OFUamird9l49tMtwf8w3l,Marinade,7oZLKL1GjYiaAgssXsLmW8,2016,68,2016-07-16
3MEYFivt6bilQ9q9mFWZ4g,Alone,64KEffDW9EtZ1y2vBYgq8T,2016,69,2016-05-13
3qrH2YFnbEiQeUe4wzgOuP,"Try Everything - From ""Zootropolis""",0EmeFodog0BfCgMzAIvKQp,2016,63,2016-02-05
0QatL1szZzMTAfZoJKWo0s,Build My Life,6egyCFgiJ1j941PaxKoWJD,2016,63,2016-08-12
6O66RxXRZOfQSpgLEo65GO,Y Cambió Mi Suerte,0vjeBgTzYTwmYoVySJzXGD,2016,72,2016-02-24
276zciJ7Fg7Jk6Ta6QuLkp,Come Down,3jK9MiCrA42lLAdMGUZpwa,2016,62,2016-01-15
5pfJsMwoRYKampPay8amX0,"Downtown (feat. Melle Mel, Grandmaster Caz, Kool Moe Dee & Eric Nally)",5BcAKTbp20cv7tC5VqPFoC,2016,65,2016-02-26
6d3edMXJpns1A0zGKkmlGw,Move Your Feet / D.A.N.C.E. / It's A Sunshine Day,6xfqnpe2HnLVUaYXs2F8YS,2016,64,2016-09-23
2c4Est3dxGfn834VReid5d,Safeword,0Y6dVaC9DZtPNH4591M42W,2016,64,2016-02-25
2Q7PDjPz7h559wBF97lO07,High And Low,67hb7towEyKvt5Z8Bx306c,2016,61,2016-10-28
4cRBqWBjuccCowYVHFlXK6,Redemption,3TVXtAsR1Inumwj472S9r4,2016,64,2016-05-06
5HiSc2ZCGn8L3cH3qSwzBT,러시안 룰렛 Russian Roulette,1z4g3DjTBBZKhvAroFlhOM,2016,69,2016-09-07
2JUqYobT8NvARdPmc4ES2x,Good Guy,2h93pZq0e7k5yf4dywlkpM,2016,65,2016-08-20
02shCNmb6IvgB5jLqKjtkK,Nevada,0daugAjUgbJSqdlyYNwIbT,2016,70,2016-06-24
2Zy7XVdxyZQB8xp5xbpJdl,way back,0Y5tJX1MQlPlqiwlOH1tJY,2016,65,2016-09-16
1BwrMGGhPA6GarWIYaFrW8,La Vida Es Un Carnaval,2weA6hhVqTIN2gSn9PUB9U,2016,69,2016-05-27
1kFlDnWmBTvCBxxeGDpIdp,7 Years (Remix),39G9Mcs99KhOEtVuthwztS,2016,64,2016-06-04
2wCRJwiL1WSrW0Dwfco7Nj,Know Who You Are,5mnS9jJdKQQcRSqFu5YPVe,2016,62,2016-11-18
1W7zkKgRv9mrLbfdQ8XyH3,Gangsta,0cGUm45nv7Z6M6qdXYQGTX,2016,73,2016-08-05
5pD6DyYeglUby2x5CXrqfA,I Am Not Afraid,3BJX1nYizKvWpZTY5HOAr4,2016,60,2016-06-06
1trZGMI2CGyVT44STkpCoN,Let Me Explain,2EMAnMvWE2eb56ToJVfCWs,2016,63,2016-10-20
0mBKv9DkYfQHjdMcw2jdyI,Chunky,0du5cEVh5yTK9QJze8zA0C,2016,68,2016-11-17
3ZJnc1eGicPxRitBoC7eWZ,An Innocent Warrior,4I9DOo7pz3fn9yjxTktmX9,2016,63,2016-11-18
32pqqCrnIC5O5iE9c218PJ,How Far I'll Go - Reprise,5mnS9jJdKQQcRSqFu5YPVe,2016,62,2016-11-18
3zjjzKg16tczCMwckGKGuH,Happy Pills,4OTFxPi5CtWyj1NThDe6z5,2016,65,2016-06-03
0pdHkJIInkch0K9jLBBRaZ,OMFG,2kCcBybjl3SAtIcwdWpUe3,2016,64,2016-09-25
4RJTTrZqPFWaWACVXHkvjw,Everyday,66CXWjxzNUsdJxJ2JdwvnR,2016,60,2016-05-20
5v7kaZNsnyByrSJOfO8gKq,Skrt,46SHBwWsqBkxI7EeeBEQG7,2016,60,2016-02-12
40yJGQyEaBbIkXpwMFkXip,One Night,6icQOAFXDZKsumw3YXyusw,2016,61,2016-07-05
433P7tDcIAi6NLnf4Sh6tI,Still Here,3TVXtAsR1Inumwj472S9r4,2016,62,2016-05-06
79M3Eq1q61lkeQJ1OCVEdZ,The Devil's Bleeding Crown,0L5fC7Ogm2YwgqVCRcF1bT,2016,61,2016-06-03
1nYctdlrpFVSId9yEkxYQi,Tumbando Caña (El Alacrán),36jRzJQUvAeKRukEMtm44w,2016,66,2016-01-01
1Kxap8UbrmlXcgKBuCysNg,Quién Se Anima,4J13m9IZh03PEhoxAxRhXO,2016,68,2016-04-15
6gz3orrUlKresI8GShSkdq,A Burning Hill,2uYWxilOVlUdk4oV9DvwqK,2016,64,2016-06-17
1euszbbvkUzQzIhZUWFmXG,My Name Is Human,2pqd3HsfsvcBGtHvPOg6eg,2016,61,2016-11-18
32zkKx35Et6A515oZKxDkD,Life Itself,4yvcSjfu4PC0CYQyLy4wSq,2016,62,2016-08-26
3Mi2DxVPiT7j2EHdxOFCg3,Never Be Alone,2fZ2nHEB3va8LTHXX8oKgU,2016,67,2016-01-23
5coaRlXMVrq0WRMQQbgmrh,I Love This Life,5IcGbIAgdns0R5EJKHMjCQ,2016,60,2016-06-17
0lnIJmgcUpEpe4AZACjayW,Sorry,6vWDO969PvNqNYHIOW5v0m,2016,63,2016-04-23
2L6orAlH8tBhiFTumIfMyF,Call on Me - Ryan Riback Remix,02A3cEvlLLCbIMVDrK2GHV,2016,60,2016-10-18
5OUSPcqhYTOzpbXzoEvKim,The Fighter,0u2FHSq3ln94y5Q57xazwf,2016,60,2016-05-06
56urjuqz1NIOKhhCjQhVw0,Suga Boom Boom,4q3VwwEGYza8x6wYhv2JJ7,2016,60,2016-09-07
1Ci4wASMY4xtKVMeHA6Sd5,through the late night,0Y5tJX1MQlPlqiwlOH1tJY,2016,65,2016-09-16
5CBqLg9XdeEHcknJX0fZIJ,Paul - 2023 Remaster,5QdyldG4Fl4TPiOIeMNpBZ,2016,63,2016
2rnvFmtBu8L32HcFXgBf9F,"La Paso Cabrón (feat. Gigolo y La Exce, Falsetto y Sammy, Mike Duran & Baby Angel)",2pQAUIesBqfT87PaM1ijtk,2016,72,2016-10-07
7tUXZgLbOCvRJ9FBlairoU,Venom,3uL4UpqShC4p2x1dJutoRW,2016,64,2016-07-03
5NGtFXVpXSvwunEIGeviY3,Gymnopédie No. 1,459INk8vcC0ebEef82WjIK,2016,67,2016-04-01
5q2JbCNi4FcnglgPfxcV65,Sola (Remix),2R21vXR83lH98kGeO99Y66,2016,75,2016-12-01
3GSMdtJphymHEsR8K9jT5Q,Locos,4ClsVDy2g7RKSSlvq8cF6d,2016,76,2016-03-11
5L92JAcxJMVmLlKIWHhLCY,Aquiles Afirmo,4J13m9IZh03PEhoxAxRhXO,2016,68,2016-02-19
316r1KLN0bcmpr7TZcMCXT,The Sound,3mIj9lX2MWuHmhNCA7LSCW,2016,59,2016-02-26
6JLiWJptfEdsz3TW4dnQGy,Lights Come On,3FfvYsEGaIb52QPXhg4DcH,2016,59,2016-09-09
4TNFLwe6DhtR3Wn1JKMqMJ,Makeba,2HHmvvSQ44ePDH7IKVzgK0,2016,67,2016-11-25
45tFpM9bn24cSK9ZP2Dh9I,Any Ol' Barstool,3FfvYsEGaIb52QPXhg4DcH,2016,59,2016-09-09
0bUgTRe5st6TMbRCEjKezX,The Last Stand,3o2dn2O0FCVsWDFSh8qxgG,2016,69,2016-08-19
4sQmCQUZcnBPaVm4dEUKv7,CAN'T STOP THE FEELING! - Film Version,31TPClRtHm23RisEBtV3X7,2016,64,2016-09-23
7KyTq7H5f3Oavmuo9TX6QK,Too Many Years,46SHBwWsqBkxI7EeeBEQG7,2016,61,2016-06-10
7kftK4n15rl1wbpfjSq2Tk,Wherever I Go,5Pwc4xIPtQLFEnJriah9YJ,2016,61,2016-12-02
6FHUBs8P5qcjpj7C2QHdEq,Tulou Tagaloa,5GIaRpKCtzquc5UUicqe50,2016,62,2016-11-18
2XMTqoHHSH0lvuXrvIEdco,Capsize,7xEFii6utZmQ61kX59HmLH,2016,66,2016-09-02
6VnqGxiMNexOe0kRmIsBw4,Ain't Nobody Takin My Baby,1z7b1Pr1rSlvWRzsW3HOrS,2016,62,2016-12-23
6GsP3uMCd0Dn5T37C93waZ,Sick Love,0L8ExT028jH3ddEcZwqJJ5,2016,66,2016-06-17
3yDhZq8f17SmumVmEyCaRN,Give It Up,3mQBpAOMWYqAZyxtyeo4Lo,2016,67,2016-03-11
3kW5Rq9AIL0QQuYTSKNkQw,Erbody But Me,6UBA15slIuadJ8h2lPRPos,2016,59,2016-12-09
2jGjNCH6Op0BqBHPc4Rd8d,Lovely,3tlXnStJ1fFhdScmQeLpuG,2016,62,2016-09-20
2nBI3iWLhupR7LyAJ5GGkE,Champions,5K4W6rqBFWDnAN6FQUkS6x,2016,62,2016-06-10
1MJcqxNYsGRWK5etxzCboD,The Excavator Song,30niqFGUKKUg1horQSgwBn,2016,62,2016-02-18
3734uAibGyPgZEABdWFVtM,Donde Estaras,66UyAOM9ECEDzsfUm9UXeF,2016,67,2016-12-01
2WHctubxf8LzrGr62cLz3d,Igual Que Ayer,3jFjgKOGfVLWfXX8q5wrsg,2016,71,2016-11-04
13MF2TYuyfITClL1R2ei6e,BOOMBAYAH,41MozSoPIsD1dJM0CLPjZF,2016,73,2016-08-08
