id,name,artist_id,year,popularity,release_date,energy,danceability,instrumentalness,loudness,tempo,valence
0WbMK4wrZ1wFSty9F7FCgu,"Good Luck, Babe!",7GlBOeep6PqTfFi59PTUUN,2024,96,2024-04-05,0.582,0.7,0.0,-5.96,116.712,0.785
6AI3ezQ4o3HUoP6Dhudph3,Not Like Us,2YZyLoL8N0Wb9xBt1NhZWg,2024,96,2024-05-04,0.472,0.898,0.0,-7.001,101.061,0.214
6dOtVTDdiauQNBQEDOtlAB,BIRDS OF A FEATHER,6qqNVTkY8uBg9cP3Jd7DAH,2024,100,2024-05-17,0.507,0.747,0.0608,-10.171,104.978,0.438
7221xIgOnuakPdLqT0F3nP,I Had Some Help (Feat. Morgan Wallen),246dkjvS1zLTtiykXe5h60,2024,94,2024-05-10,0.855,0.638,0.0,-4.86,127.986,0.731
5N3hjp1WNayUPZrA8kJmJP,Please Please Please,74KM79TiuVKeVCqs8QtB0B,2024,97,2024-06-06,0.586,0.669,0.0,-6.073,107.071,0.579
2qSkIjg1o9h3YT9RAgYN75,Espresso,74KM79TiuVKeVCqs8QtB0B,2024,98,2024-04-12,0.76,0.701,6.54e-05,-5.478,103.969,0.69
5AJ9hqTS2wcFQCELCFRO7A,MILLION DOLLAR BABY,1WaFQSHVGZQJTbf0BdxdNo,2024,94,2024-04-26,0.697,0.852,0.00037,-5.52,138.029,0.919
2FQrifJ1N335Ljm3TjTVVf,A Bar Song (Tipsy),3y2cIKLjiOlp1Np37WiUdH,2024,92,2024-04-12,0.709,0.722,0.0,-4.95,81.012,0.604
4ZJ4vzLQekI0WntDbanNC7,Pink Skies,40ZNYROS4zLfyyBSs2PGe2,2024,88,2024-05-24,0.488,0.525,5.14e-05,-6.909,84.999,0.253
7Fzl7QaTu47WyP9R5S5mh5,Lies Lies Lies,4oUHIQIBe0LHzYfvXNW4QM,2024,87,2024-07-05,0.702,0.486,7.54e-05,-5.758,81.053,0.382
5iJKGpnFfvbjZJeAtwXfCj,28,40ZNYROS4zLfyyBSs2PGe2,2024,87,2024-07-04,0.519,0.492,8.47e-05,-6.886,80.868,0.435
629DixmZGHc7ILtEntuiWE,LUNCH,6qqNVTkY8uBg9cP3Jd7DAH,2024,93,2024-05-17,0.4,0.893,0.0823,-7.981,124.987,0.945
2tudvzsrR56uom6smgOcSf,Like That,1RyvyyTE3xzB2ZywiAwp0i,2024,89,2024-03-22,0.676,0.814,1.28e-05,-4.67,162.012,0.312
2uqYupMHANxnwgeiXTZXzd,Austin (Boots Stop Workin'),7Ez6lTtSMjMf2YSYpukP1I,2024,91,2024-02-16,0.672,0.756,3.37e-06,-6.743,114.935,0.739
3WOhcATHxK2SLNeP5W3v1v,Guess featuring Billie Eilish,25uiPmTg16RbhZWAqwLBy5,2024,91,2024-08-01,0.667,0.776,0.3,-6.622,130.019,0.618
7tI8dRuH2Yc6RuoTjxo4dU,Who,1oSPZhvZMIrWW5I41kPkkY,2024,94,2024-07-19,0.756,0.66,0.0,-3.743,116.034,0.838
4w2GLmK2wnioVnb5CPQeex,360,25uiPmTg16RbhZWAqwLBy5,2024,89,2024-06-07,0.62,0.857,0.244,-8.13,120.042,0.796
3Vr3zh0r7ALn8VLqCiRR10,Stargazing,3bO19AOone0ubCsfDXDtYt,2024,93,2024-05-10,0.601,0.635,0.0,-6.129,123.994,0.332
6GG4yyk3UATdBfTHVgI8PB,Ain't No Love In Oklahoma (From Twisters: The Album),718COspgdWOnwOFpJHRZHS,2024,85,2024-05-16,0.658,0.487,0.00777,-9.973,142.18,0.282
5fZJQrFKWQLb7FpJXZ1g7K,A Bar Song (Tipsy),3y2cIKLjiOlp1Np37WiUdH,2024,88,2024-05-31,0.706,0.722,0.0,-4.857,80.969,0.599
19RybK6XDbAVpcdxSbZL1o,Apple,25uiPmTg16RbhZWAqwLBy5,2024,89,2024-06-07,0.957,0.804,0.0174,-5.452,126.035,0.962
51eSHglvG1RJXtL3qI5trr,Slow It Down,22wbnEMDvgVIAGdFeek6ET,2024,90,2024-04-05,0.583,0.432,0.0,-4.682,181.489,0.544
3Pbp7cUCx4d3OAkZSCoNvn,Scared To Start,4j96cMcT8GRi11qbvo1cLQ,2024,88,2024-01-12,0.551,0.527,2.75e-06,-11.258,148.035,0.443
7BRD7x5pt8Lqa1eGYC4dzj,CHIHIRO,6qqNVTkY8uBg9cP3Jd7DAH,2024,91,2024-05-17,0.425,0.7,0.879,-12.531,110.015,0.521
0AjmK0Eai4zGrLaJwPvrDp,Too Sweet,2FXC3k01G6Gw61bmprjgqS,2024,83,2024-03-22,0.62,0.741,0.000809,-5.505,117.038,0.934
3QaPy1KgI7nu9FJEQUgn6h,WILDFLOWER,6qqNVTkY8uBg9cP3Jd7DAH,2024,90,2024-05-17,0.247,0.467,0.000271,-12.002,148.101,0.126
3xkHsmpQCBMytMJNiDf3Ii,Beautiful Things,22wbnEMDvgVIAGdFeek6ET,2024,91,2024-04-05,0.471,0.472,0.0,-5.692,105.029,0.219
5crxqqibcvoOQQgg4HjAFQ,Guy For That (Feat. Luke Combs),246dkjvS1zLTtiykXe5h60,2024,86,2024-07-26,0.914,0.608,0.0,-4.116,120.01,0.511
6jlG8gBPNAgBgoivw2Ig09,DEVIL IS A LIE,1WaFQSHVGZQJTbf0BdxdNo,2024,88,2024-06-14,0.452,0.904,0.0,-7.272,90.026,0.613
1bjeWoagtHmUKputLVyDxQ,Saturn,7tYKF4w9nC0nq9CsPZTHyP,2024,89,2024-02-22,0.619,0.411,0.0,-6.834,177.937,0.337
0OA00aPt3BV10qeMIs3meW,Big Dawgs,4nVa6XlBFlIkF6msW57PHp,2024,90,2024-07-09,0.745,0.464,0.0,-3.202,180.098,0.262
6WatFBLVB0x077xWeoVc2k,Si Antes Te Hubiera Conocido,790FomKkXshlbRYZFtlgla,2024,96,2024-06-21,0.668,0.924,0.000594,-6.795,128.027,0.787
5b3XJ1pjrHO5JtY2PcTjnI,Mamushi (feat. Yuki Chiba),181bsRPaVXVlUKXrxwZfHK,2024,88,2024-06-28,0.531,0.892,0.0,-4.968,81.036,0.209
7iQMm50NNwlUIRWhONZR2k,Wind Up Missin’ You,4sCKpwwEsgReZxjtKFm2A0,2024,83,2024-03-29,0.722,0.572,1.12e-06,-5.818,171.857,0.636
2OzhQlSqBEmt7hmkYxfT6m,Fortnight (feat. Post Malone),06HL4z0CvFAxyc27GXpf02,2024,90,2024-04-18,0.386,0.504,1.53e-05,-10.976,192.004,0.281
4IadxL6BUymXlh8RCJJu7T,Too Sweet,2FXC3k01G6Gw61bmprjgqS,2024,82,2024-03-22,0.62,0.741,0.000809,-5.505,117.038,0.934
6XjDF6nds4DE2BBbagZol6,Gata Only,7CvTknweLr9feJtRGrpDBy,2024,95,2024-02-02,0.499,0.791,2.41e-05,-8.472,99.986,0.669
28drn6tQo95MRvO0jQEo5C,Type Shit,1RyvyyTE3xzB2ZywiAwp0i,2024,87,2024-03-22,0.552,0.64,0.0,-5.679,144.941,0.112
6WTFHKrnZpwEBLRS10Ylqs,misses,6USv9qhCn6zfxlBQIYJ9qs,2024,86,2024-05-03,0.509,0.578,0.734,-6.229,119.945,0.586
2HYFX63wP3otVIvopRS99Z,Houdini,7dGJo4pcD2V6oG8kP0tJRR,2024,90,2024-05-31,0.887,0.936,1.88e-06,-2.76,127.003,0.889
5uQ7de4EWjb3rkcFxyEOpu,Belong Together,11p2E654TTU8e0nZWBR4AL,2024,91,2024-02-16,0.668,0.646,0.0,-5.203,90.969,0.64
77DRzu7ERs0TX3roZcre7Q,euphoria,2YZyLoL8N0Wb9xBt1NhZWg,2024,85,2024-04-30,0.643,0.831,0.0,-5.002,139.948,0.142
5ZLL6wYXeqg0k35ZkDRfhZ,Pour Me A Drink (Feat. Blake Shelton),246dkjvS1zLTtiykXe5h60,2024,84,2024-06-21,0.904,0.577,0.0,-3.817,119.033,0.861
4Na2HfNSr58chvfX69fy36,one of wun,2hlmm7s2ICUX0LVIhVFlZQ,2024,85,2024-05-10,0.453,0.915,0.000163,-4.589,139.943,0.287
4pkb8SbRGeHAvdb87v9rpf,Miles On It,64KEffDW9EtZ1y2vBYgq8T,2024,85,2024-05-03,0.761,0.634,0.0,-4.752,129.963,0.785
51rfRCiUSvxXlCSCfIztBy,"I Love You, I'm Sorry",4tuJ0bMpJh08umKkEXKUI5,2024,86,2024-06-21,0.406,0.53,0.0,-7.507,115.94,0.338
4VQO1UdVIecQqB49PlANHz,It's Up (feat. Young Thug & 21 Savage),3TVXtAsR1Inumwj472S9r4,2024,79,2024-08-10,0.719,0.782,0.0,-4.863,139.941,0.304
2hrycoFU1mZw6YPvMcn8yC,KEHLANI,0jPHHnU8GUWEF7rwPE9osY,2024,88,2024-06-24,0.634,0.645,3.78e-06,-3.769,160.017,0.352
2GxrNKugF82CnoRFbQfzPf,i like the way you kiss me,0PCCGZ0wGLizHt2KZ7hhA2,2024,91,2024-03-19,0.946,0.599,0.0106,-4.263,151.647,0.747
22DH8NChecsgPxDjA4pqer,Tough,0VRj0yCOv2FXJNP47XQnx5,2024,88,2024-07-03,0.557,0.582,1.87e-05,-7.981,84.989,0.211
7iabz12vAuVQYyekFIWJxD,BAND4BAND (feat. Lil Baby),5H4yInM5zmHqpKIoMNAx4r,2024,89,2024-05-23,0.764,0.882,0.0,-5.241,140.113,0.886
6tNQ70jh4OwmPGpYy6R2o9,Beautiful Things,22wbnEMDvgVIAGdFeek6ET,2024,90,2024-01-18,0.471,0.472,0.0,-5.692,105.029,0.219
4q5YezDOIPcoLr8R81x9qy,I Can Do It With a Broken Heart,06HL4z0CvFAxyc27GXpf02,2024,87,2024-04-18,0.751,0.701,0.0,-8.39,129.994,0.22
0y5Ex8oQ8zCH5TQxHUy1Eo,you look like you love me (feat. Riley Green),6BRxQ8cD3eqnrVj6WKDok8,2024,83,2024-06-21,0.675,0.663,0.0,-5.851,128.942,0.455
2bl81llf715VEEbAx03yvB,Close To You,4tuJ0bMpJh08umKkEXKUI5,2024,85,2024-06-21,0.727,0.59,6.48e-05,-7.955,121.966,0.356
52eIcoLUM25zbQupAZYoFh,redrum,1URnnhqYAYcrqrcwql10ft,2024,85,2024-01-12,0.733,0.625,0.000983,-8.757,172.09,0.244
57wp7VFnV8X0pSVnYArGeJ,Whatever She Wants,2EMAnMvWE2eb56ToJVfCWs,2024,82,2024-02-13,0.512,0.803,0.0,-6.871,96.02,0.435
1HBv0BqHfm6sMsAUg5H3Yo,Blue Green Red,3TVXtAsR1Inumwj472S9r4,2024,76,2024-08-10,0.678,0.762,0.0013,-4.921,129.985,0.83
51ZQ1vr10ffzbwIjDCwqm4,we can't be friends (wait for your love),66CXWjxzNUsdJxJ2JdwvnR,2024,89,2024-03-08,0.646,0.645,3.04e-05,-8.334,115.842,0.295
6fPan2saHdFaIHuTSatORv,L’AMOUR DE MA VIE,6qqNVTkY8uBg9cP3Jd7DAH,2024,87,2024-05-17,0.392,0.467,0.0174,-9.355,145.104,0.313
3c9EsIo34kil8Oj1reaozB,American Nights,40ZNYROS4zLfyyBSs2PGe2,2024,80,2024-07-04,0.678,0.57,9.92e-06,-5.629,137.581,0.358
57lsYy0OZLNb5OQ7fEa3Hs,Did It First (with Central Cee),3LZZPxNDGDFVSIPqf4JuEf,2024,87,2024-07-11,0.574,0.635,0.0,-7.453,153.938,0.592
6NjWCIYu1W8xa3HIvcIhd4,Nasty,0NIIxcxNHmOoyBx03SfTCD,2024,85,2024-04-12,0.411,0.931,5.26e-06,-8.433,100.002,0.515
2mWfVxEo4xZYDaz0v7hYrN,Juna,3l0CmX0FuQjFxr8SK7Vqag,2024,82,2024-07-12,0.714,0.606,0.098,-6.244,141.512,0.448
1C84d9abZVKWHT2YYpoean,Si No Quieres No,0pePYDrJGk8gqMRbXrLJC8,2024,88,2024-03-10,0.786,0.786,2.12e-06,-6.372,100.123,0.611
2prqm9sPLj10B4Wg0wE5x9,BLUE,6qqNVTkY8uBg9cP3Jd7DAH,2024,87,2024-05-17,0.337,0.349,0.172,-10.671,142.01,0.0365
73KAidtqbDftZjy8AD0H04,High Road (feat. Jessie Murph),1Tie3AZgLQZqYEp8Fv4zOZ,2024,80,2024-06-07,0.743,0.614,0.0,-5.046,138.077,0.623
1b8Uy52q8fZUBTlRkoXoT5,Housekeeping Knows (feat. Latto),3TVXtAsR1Inumwj472S9r4,2024,72,2024-08-10,0.735,0.783,0.0,-5.78,76.964,0.319
7z3PblAN3dH1JMewiRydkZ,GIRLS,2tIP7SsRs7vjIcLrU85W8J,2024,84,2024-06-28,0.734,0.731,1.67e-06,-3.145,101.008,0.797
3Rfre3qkrhwdZZ7dyznwbN,Lonely Road (with Jelly Roll),6TIYQ3jFPwQSRmorSezPxX,2024,81,2024-07-26,0.679,0.549,0.0,-5.501,100.214,0.235
5h68SoVFGleijCtjEja3xG,365,25uiPmTg16RbhZWAqwLBy5,2024,84,2024-06-07,0.856,0.761,0.503,-5.121,127.111,0.729
32lSgbCqRcIOyUSnfuUZEQ,Who,1oSPZhvZMIrWW5I41kPkkY,2024,89,2024-07-23,0.757,0.66,0.0,-3.743,116.034,0.838
4oPLjuY1WgGTL0Ja1doDOn,Magic Johnson,23hzc59PkIUau13dqXx5Ef,2024,80,2024-06-07,0.689,0.911,0.0,-6.176,140.034,0.546
1yqdD2ScjkqvaNBUzPQ4vR,Who,1oSPZhvZMIrWW5I41kPkkY,2024,88,2024-07-23,0.757,0.66,0.0,-3.743,116.034,0.838
6TGd66r0nlPaYm3KIoI7ET,THE GREATEST,6qqNVTkY8uBg9cP3Jd7DAH,2024,85,2024-05-17,0.192,0.407,3.33e-06,-10.99,128.173,0.159
5wPnPIZS8wr4lPNLz4qvHK,Who,1oSPZhvZMIrWW5I41kPkkY,2024,88,2024-07-23,0.757,0.66,0.0,-3.743,116.034,0.838
1vj47xD8v9wIhQrmQY2Dkv,Better Days (feat. John Mayer),40ZNYROS4zLfyyBSs2PGe2,2024,79,2024-07-04,0.564,0.562,0.0,-6.946,82.685,0.314
5Uptvz6j1sjDKxidAcnH2L,SI NO ES CONTIGO,1Yj5Xey7kTwvZla8sqdsdE,2024,89,2024-05-23,0.626,0.763,0.225,-5.637,100.02,0.78
0Lmbke3KNVFXtoH2mMSHCw,the boy is mine,66CXWjxzNUsdJxJ2JdwvnR,2024,86,2024-03-08,0.63,0.795,0.0,-5.854,97.998,0.447
5In8B6Om5OKrhwBMB4tXSi,Fuel,7dGJo4pcD2V6oG8kP0tJRR,2024,82,2024-07-12,0.662,0.885,0.0,-5.139,137.981,0.117
5496lks6V3fh1mZAB6IAap,Alibi (with Pabllo Vittar & Yseult),5MraexJKZDrQYzS98kNwie,2024,93,2024-06-28,0.754,0.741,8.21e-06,-5.412,126.98,0.717
0UYnhUfnUj5adChuAXvLUB,Sailor Song,1iCnM8foFssWlPRLfAbIwo,2024,82,2024-07-26,0.416,0.492,8.61e-05,-10.439,94.926,0.297
331l3xABO0HMr1Kkyh2LZq,I Don't Wanna Wait,1Cs0zKBU1kc0i8ypK3B9ai,2024,91,2024-04-05,0.714,0.681,0.0,-4.617,129.976,0.554
61SRKyox0R9jCzci4JXKBS,What He'll Never Have,78YqeIji3mgAS2K1Maca6x,2024,80,2024-03-29,0.755,0.489,0.0,-4.471,113.05,0.384
2dono2Koz7DEvGwxUsmMLq,Linger - SiriusXM Session,5b5bt4mZQpJMoCRbiQ7diH,2024,81,2024-05-31,0.393,0.404,0.000443,-6.607,98.217,0.403
2aYZaN5SmkRDLsrrV8GkBQ,LA PATRULLA,12GqGscKJx3aE4t07u7eVZ,2024,86,2024-06-20,0.74,0.722,3.27e-05,-7.22,132.731,0.893
2a8VqAP1doFm8tPuj9Sl5e,It's Up (feat. Young Thug & 21 Savage),3TVXtAsR1Inumwj472S9r4,2024,55,2024-08-10,0.714,0.791,0.0,-4.908,139.933,0.32
61oMtVkdawT44CnEUYnd9Q,Blue Green Red,3TVXtAsR1Inumwj472S9r4,2024,48,2024-08-10,0.689,0.783,0.00325,-4.858,129.967,0.852
3A4QdG26Z0vcJ5iIQ2oNFQ,Housekeeping Knows (feat. Latto),3TVXtAsR1Inumwj472S9r4,2024,43,2024-08-10,0.709,0.771,0.0,-5.803,76.951,0.371
47Xj8eIAp7hYOOqArmkqZE,Spin You Around (1/24),4oUHIQIBe0LHzYfvXNW4QM,2024,78,2024-01-26,0.444,0.622,0.0,-6.06,141.952,0.603
6tWGe6nvXFWT0KhGCXM89q,Devil You Know,63wjVVauFUQ4gBw6QXTT5N,2024,79,2024-02-02,0.8,0.52,0.0,-4.256,93.155,0.538
07oO1U722crtVcavi6frX6,"Double Life - From ""Despicable Me 4""",2RdwBSPQiwcmiDo9kixcl8,2024,83,2024-06-14,0.652,0.851,0.0,-4.333,119.944,0.696
7HUhMOrlvwBPfBq3c0ajh0,JOYRIDE,6LqNN22kT3074XbTVUrhzX,2024,81,2024-07-04,0.898,0.788,0.000123,-4.653,115.96,0.496
76ODTQOl0JZQbhfxs6nRV9,I Am Not Okay,19k8AgwwTSxeaxkOuCQEJs,2024,78,2024-06-12,0.672,0.512,0.0,-5.298,76.821,0.393
5A8xI7PN4WDe9e61xEdt94,Yeah Glo!,2qoQgPAilErOKCwE2Y8wOG,2024,79,2024-04-05,0.66,0.894,0.0,-5.349,148.072,0.181
0hhzNPE68LWLfgZwdpxVdR,us. (feat. Taylor Swift),4tuJ0bMpJh08umKkEXKUI5,2024,83,2024-06-21,0.553,0.533,0.0,-6.486,102.043,0.391
3Y1EvIgEVw51XtgNEgpz5c,Von dutch,25uiPmTg16RbhZWAqwLBy5,2024,82,2024-06-07,0.698,0.706,0.00375,-5.679,130.013,0.648
1kMWJ16W3Yk3hyNmaM7jfQ,Holy Smokes,3win9vGIxFfBRag9S63wwf,2024,77,2024-02-23,0.569,0.462,0.0,-7.908,95.117,0.432
3SAga35lAPYdjj3qyfEsCF,Feel It - From The Original Series “Invincible”,5y8tKLUfMvliMe8IKamR32,2024,82,2024-03-28,0.593,0.565,0.0,-5.864,120.509,0.429
7Mg5CBO37Rifk2RyDJ8fzd,Boogieman,7iKgSlIINjat3bsCYiNMYX,2024,78,2024-04-24,0.546,0.759,0.0,-8.159,90.059,0.651
7hRLuo4QnzCsjICXUOhTE6,WHISKEY WHISKEY (feat. Morgan Wallen),3tJoFztHeIJkJWMrx0td2f,2024,77,2024-06-14,0.71,0.738,0.0,-3.778,151.985,0.722
4OssqCixV2Xsxd43wMIQyS,CARNIVAL,4xPQFgDA5M2xa0ZGo5iIsv,2024,83,2024-02-09,0.811,0.594,0.0,-5.746,148.144,0.311
4IFd7EVCyJsUHesBMXI8ju,Parking Lot,0YinUQ50QDB7ZxSCLyQ40k,2024,81,2024-06-21,0.555,0.724,2.61e-05,-7.2,100.047,0.408
1CsMKhwEmNnmvHUuO5nryA,SKINNY,6qqNVTkY8uBg9cP3Jd7DAH,2024,83,2024-05-17,0.252,0.251,0.00706,-14.478,69.988,0.0395
55u5QIlEuzCipJBtZPdJio,Renaissance,7dGJo4pcD2V6oG8kP0tJRR,2024,82,2024-07-12,0.901,0.562,0.0,-4.166,199.226,0.241
4HMUrFl8y6rQCzEbaGEkcj,Somebody Save Me,7dGJo4pcD2V6oG8kP0tJRR,2024,81,2024-07-12,0.657,0.577,3.2e-06,-6.486,180.727,0.437
3FqUPvubYeRCMsdJ02QyZR,TÚ NAME,0ys2OFYzWYB5hRDLCsBqxt,2024,84,2024-02-09,0.747,0.76,2.73e-06,-5.083,128.912,0.884
7I3RalBqE7ZE0RSxgGlGlm,Habits,7dGJo4pcD2V6oG8kP0tJRR,2024,82,2024-07-12,0.878,0.824,0.0,-5.02,100.005,0.645
1ACA277B6f46DYCgZW8di3,if u think i'm pretty,0PCCGZ0wGLizHt2KZ7hhA2,2024,84,2024-02-09,0.622,0.535,0.0209,-5.771,143.533,0.457
6vvPecFTmWxDfEJ6cYT1wa,Rockstar,5L1lO4eRHmJ7a0Q6csE5cT,2024,92,2024-06-27,0.628,0.668,0.0,-4.692,140.053,0.568
1LLUoftvmTjVNBHZoQyveF,THE DINER,6qqNVTkY8uBg9cP3Jd7DAH,2024,83,2024-05-17,0.386,0.857,0.0931,-9.761,125.017,0.661
7mOC6phfrfz3jfigg1aGsE,Wanna Be (with Megan Thee Stallion),2qoQgPAilErOKCwE2Y8wOG,2024,78,2024-04-05,0.629,0.919,0.0,-5.17,135.05,0.407
1CDQzbCz4KSQxHe7LMEgRM,Houdini,7dGJo4pcD2V6oG8kP0tJRR,2024,84,2024-07-12,0.878,0.936,2.31e-06,-2.798,126.992,0.902
09keT5ocFhEd5W5HidiUNq,Chk Chk Boom,2dIgFjalVxs4ThymZ67YCE,2024,87,2024-07-19,0.74,0.925,0.0,-2.698,101.994,0.844
0YThXX1dqUpYBLyJNAsF9N,If We Being Rëal,3qiHUAX7zY4Qnjx8TNUzVx,2024,84,2024-02-16,0.499,0.457,6.34e-05,-6.67,127.95,0.0348
0LZy30mVmxqUpdQmaXKXBd,ADIVINO,7iK8PXO48WeuP03g8YR51W,2024,88,2024-04-25,0.854,0.786,2.39e-05,-2.4,117.994,0.522
68mOSKT4uBkKddEAhlMO61,Home,52N3KGrTWDRhdQJrgBTofE,2024,82,2024-01-17,0.673,0.584,0.0614,-4.444,77.002,0.138
0QpiyJbgWUjyAQNqjIA5tO,Hate Me,6icQOAFXDZKsumw3YXyusw,2024,78,2024-07-26,0.625,0.638,0.732,-6.909,140.047,0.105
2YFhqZvhTpyK13gKXMKV7R,"Girl, so confusing featuring lorde",25uiPmTg16RbhZWAqwLBy5,2024,82,2024-06-21,0.823,0.692,0.00802,-7.209,124.964,0.458
4jIy1KWDGEptJGq94tqB5Y,The Way Back,40ZNYROS4zLfyyBSs2PGe2,2024,77,2024-07-04,0.492,0.543,0.000163,-8.313,79.886,0.178
4uzKAj0mIyYmyhsRRyPXaQ,Carry You Home,0fTSzq9jAh4c36UVb4V7CB,2024,84,2024-05-31,0.66,0.525,3.3e-06,-7.094,123.787,0.458
36wAwEkSDpNQ4oQeRLYC3L,Am I Okay?,5Ppie0uPnbnvGBYRwYmlt0,2024,76,2024-07-12,0.734,0.593,0.0,-5.416,125.937,0.518
22yRHdYBLZMi7xnvBioqkP,SLUT ME OUT 2,0ErzCpIMyLcjPiwT4elrtZ,2024,79,2024-04-12,0.624,0.718,0.0,-6.666,127.929,0.456
6tNgRQ0K2NYZ0Rb9l9DzL8,obsessed,1McMsnEElThX1knmY4oliG,2024,81,2024-03-22,0.581,0.68,1.07e-06,-5.166,119.974,0.63
0hKtu53OlIFXVuYkZwcn3o,Cinderella,1RyvyyTE3xzB2ZywiAwp0i,2024,80,2024-03-22,0.412,0.876,0.0,-7.74,130.052,0.15
26QJuQfM8PVAWkIm1JRyqq,ss,3gBZUcNeVumkeeJ19CY2sX,2024,78,2024-07-05,0.662,0.501,6.64e-05,-7.161,137.625,0.0348
3XbIhTYl6a0uXPyO43eiXa,Oak Island,40ZNYROS4zLfyyBSs2PGe2,2024,76,2024-07-04,0.628,0.351,0.00656,-6.498,170.264,0.387
77pfjsq0gSZwO8bYVTVROo,Brand New Dance,7dGJo4pcD2V6oG8kP0tJRR,2024,81,2024-07-12,0.705,0.808,0.0,-5.332,119.977,0.656
1BJJbSX6muJVF2AK7uH1x4,Move,2loEsOijJ6XiGzWYFXMIRk,2024,91,2024-06-07,0.782,0.727,0.336,-8.529,119.992,0.655
2MjXWroB9wlTG2kqv3avfS,Get It Sexyy,3DbwFQlvLxRSi2uX8mf81A,2024,77,2024-03-15,0.64,0.811,0.0,-5.63,145.031,0.527
46kspZSY3aKmwQe7O77fCC,we can't be friends (wait for your love),66CXWjxzNUsdJxJ2JdwvnR,2024,84,2024-03-08,0.646,0.645,3.04e-05,-8.334,115.842,0.295
1aKvZDoLGkNMxoRYgkckZG,Magnetic,36cgvBn0aadzOijnjjwqMN,2024,87,2024-03-25,0.668,0.797,0.0,-5.819,131.067,0.69
2F3N9tdombb64aW6VtZOdo,Down Bad,06HL4z0CvFAxyc27GXpf02,2024,81,2024-04-18,0.366,0.541,1e-06,-10.412,159.707,0.168
1vJCkmbu3YzIe6NjXS9BXX,Wine Into Whiskey,4sCKpwwEsgReZxjtKFm2A0,2024,76,2024-02-23,0.699,0.712,0.00271,-5.251,149.949,0.3
0gZGUAO42F1HmzZWHNPGAu,Risk,4tuJ0bMpJh08umKkEXKUI5,2024,80,2024-06-21,0.496,0.716,0.0,-5.989,113.015,0.559
2fPvQfGQEZOKtJ9qXeL4x8,I Can Do It With a Broken Heart,06HL4z0CvFAxyc27GXpf02,2024,81,2024-04-19,0.751,0.701,0.0,-8.39,129.994,0.22
0PBTlQ84CBJF0tBnKGmQa6,FRI(END)S,3JsHnjpbhX4SnySpvpa9DK,2024,89,2024-03-15,0.601,0.466,0.0,-4.468,53.376,0.627
3JzVK0f8gqAAjyEDyXAys4,Sandpaper (feat. Bruce Springsteen),40ZNYROS4zLfyyBSs2PGe2,2024,76,2024-07-04,0.526,0.518,0.000168,-8.467,86.845,0.195
6saYisCUAZXc505blie9kZ,Otaku Hot Girl,181bsRPaVXVlUKXrxwZfHK,2024,77,2024-06-28,0.756,0.757,0.0,-3.198,157.989,0.505
2M8IvrzqvNMAJsAx7UYwXK,Bass Boat,40ZNYROS4zLfyyBSs2PGe2,2024,76,2024-07-04,0.192,0.527,0.00157,-14.979,81.73,0.18
7Mts0OfPorF4iwOomvfqn1,So High School,06HL4z0CvFAxyc27GXpf02,2024,81,2024-04-19,0.866,0.366,3.07e-06,-4.514,176.07,0.293
799KrpEbhZp0MHeiA8YK9P,Guilty as Sin?,06HL4z0CvFAxyc27GXpf02,2024,81,2024-04-19,0.428,0.626,0.0,-8.374,94.95,0.487
5AH31dDNgxCMGDdxubNNn4,NEL,0ys2OFYzWYB5hRDLCsBqxt,2024,83,2024-07-25,0.482,0.69,0.0004,-6.335,100.029,0.356
6EUcP55GlbmsmCzfL2vxtZ,on one tonight,2hlmm7s2ICUX0LVIhVFlZQ,2024,79,2024-05-10,0.727,0.887,1.16e-06,-4.318,130.035,0.932
1kcwpPDQnqEqmezzXdJTCP,imgonnagetyouback,06HL4z0CvFAxyc27GXpf02,2024,80,2024-04-19,0.391,0.784,0.0,-9.471,110.007,0.15
7DpUoxGSdlDHfqCYj0otzU,BITTERSUITE,6qqNVTkY8uBg9cP3Jd7DAH,2024,82,2024-05-17,0.254,0.521,0.884,-14.409,125.021,0.153
1kbEbBdEgQdQeLXCJh28pJ,Down Bad,06HL4z0CvFAxyc27GXpf02,2024,80,2024-04-19,0.366,0.541,1e-06,-10.412,159.707,0.168
0FlwhvrncUKrEAhzunmCKm,Forever,2RQXRUsr4IW1f3mKyKsy4B,2024,77,2024-02-09,0.256,0.394,0.0,-10.944,94.367,0.215
5c9tBmJKbTdn1vhzXHeAwW,Sympathy is a knife,25uiPmTg16RbhZWAqwLBy5,2024,79,2024-06-07,0.706,0.718,0.0,-5.596,131.943,0.58
2hKYtHbwYOSjvYQhVdUpdQ,TGIF,2qoQgPAilErOKCwE2Y8wOG,2024,80,2024-06-21,0.526,0.891,3.04e-05,-6.52,140.06,0.203
6O3WfmAQIgnLBGVzZJVS40,Talk My Shit,23xFbA9rYgRX8mreqysWPc,2024,75,2024-03-15,0.463,0.614,0.0,-7.052,112.789,0.252
41EOhpn50qvd8iZSKw531W,LOS CUADROS,12GqGscKJx3aE4t07u7eVZ,2024,78,2024-08-08,0.539,0.782,0.0,-10.68,122.149,0.939
4S8PxReB1UiDR2F5x1lyIR,meet the grahams,2YZyLoL8N0Wb9xBt1NhZWg,2024,79,2024-05-03,0.802,0.479,0.00045,-6.252,74.98,0.602
3eh51r6rFWAlGQRlHx9QnQ,Push Ups,3TVXtAsR1Inumwj472S9r4,2024,79,2024-04-19,0.696,0.598,0.0,-4.789,91.057,0.209
2OcpUR9GG6jOv6OXhFrUda,The Great American Bar Scene,40ZNYROS4zLfyyBSs2PGe2,2024,75,2024-07-04,0.405,0.392,0.0988,-9.279,141.192,0.279
6dODwocEuGzHAavXqTbwHv,Fortnight (feat. Post Malone),06HL4z0CvFAxyc27GXpf02,2024,80,2024-04-19,0.386,0.504,1.53e-05,-10.976,192.004,0.281
1t2MQpMDtJT5VL2tAPHrGN,Cowboys Cry Too (with Noah Kahan),3RqBeV12Tt7A8xH3zBDDUF,2024,76,2024-06-28,0.603,0.442,0.0,-5.719,86.494,0.456
21LCotDEwR7R8qOnqPVzi9,Evil,7dGJo4pcD2V6oG8kP0tJRR,2024,80,2024-07-12,0.829,0.823,0.0,-5.524,80.538,0.6
63pLfjK6FvcYJYMGwtHjd6,SORRY 4 THAT MUCH,2LRoIwlKmHjgvigdNGBHNo,2024,88,2024-06-07,0.675,0.819,0.0,-4.281,92.99,0.602
1osfLqL6L2iQsirRf83ded,Worst Way,2QMsj4XJ7ne2hojxt6v5eb,2024,75,2024-04-12,0.492,0.366,0.000994,-7.9,197.768,0.349
3h76tbaYIamSeJL81X7ZwI,Cry,22wbnEMDvgVIAGdFeek6ET,2024,80,2024-04-05,0.48,0.711,1.55e-05,-5.251,107.948,0.352
4KWeGKChLKcnZsj3sIOSkW,Tobey (feat. Big Sean and BabyTron),7dGJo4pcD2V6oG8kP0tJRR,2024,79,2024-07-02,0.663,0.649,0.0,-9.059,139.023,0.208
4JfpJrrGNXRj2yXm1fYV23,Lithonia,73sIBHcqh3Z3NyqHKZ7FOL,2024,76,2024-07-02,0.383,0.415,0.0,-7.629,140.102,0.172
0CySZwyRJ0vyUqtSjM9i2k,Club classics,25uiPmTg16RbhZWAqwLBy5,2024,79,2024-06-07,0.868,0.704,4.4e-05,-6.022,144.969,0.712
2d8UxVNhJinc8uat9PoM9y,Who’s Afraid of Little Old Me?,06HL4z0CvFAxyc27GXpf02,2024,80,2024-04-19,0.338,0.606,0.0,-10.555,119.88,0.238
0HGItm7Ox9AnHZbx26nkE4,HEAT STICK,4tYSBptyGeVyZsk8JC4JHZ,2024,75,2024-05-10,0.461,0.942,9.54e-06,-8.233,105.025,0.281
1kPhV0KQui1phEpjnWIqUN,Smeraldo Garden Marching Band (feat. Loco),1oSPZhvZMIrWW5I41kPkkY,2024,86,2024-06-28,0.915,0.79,0.0,-2.251,97.47,0.726
1wFFFzJ5EsKbBWZriAcubN,Family Matters,3TVXtAsR1Inumwj472S9r4,2024,78,2024-05-03,0.492,0.527,0.0,-9.774,164.005,0.234
1xtw1krCR6Dw2KwkXw5z63,The Smallest Man Who Ever Lived,06HL4z0CvFAxyc27GXpf02,2024,80,2024-04-19,0.41,0.426,0.0,-9.083,142.377,0.263
1ymWIr4E5x6xORlDO0bXlP,Tobey (feat. Big Sean and BabyTron),7dGJo4pcD2V6oG8kP0tJRR,2024,79,2024-07-12,0.66,0.667,0.0,-9.054,139.117,0.216
59151GHN7yr5g9B3bqlGdR,Trouble,7dGJo4pcD2V6oG8kP0tJRR,2024,79,2024-07-12,0.85,0.706,0.0,-3.308,82.652,0.72
0dEAiKNbHt4mrjjoiL0loc,Corazón de Piedra,3Me35AWHCGqW4sZ7bWWJt1,2024,83,2024-03-21,0.763,0.834,2.33e-06,-5.475,134.844,0.633
18WFFUIsewmA8g31KAeo3e,The Prophecy,06HL4z0CvFAxyc27GXpf02,2024,80,2024-04-19,0.525,0.421,2.67e-06,-10.359,167.927,0.535
5LhI8m7n8xlQmNe3b7Rwis,Madonna,0elWFr7TW8piilVRYJUe4P,2024,87,2024-03-08,0.873,0.732,0.000803,-5.965,128.029,0.662
3uC4r2daXertBxxc8BpbbN,Lithonia,73sIBHcqh3Z3NyqHKZ7FOL,2024,76,2024-07-19,0.377,0.412,1.58e-06,-7.59,139.676,0.172
50No7LiVffAJCWIChZodmU,Lucifer,7dGJo4pcD2V6oG8kP0tJRR,2024,79,2024-07-12,0.808,0.665,0.0,-3.983,79.144,0.557
727x6SZXGF0LfU2vi3rjaH,Darlin',7HTLVyjNf0VRxfIgNcfRRH,2024,75,2024-02-16,0.606,0.798,0.0,-6.28,120.063,0.895
0SdBkFh6u5IHIXqlBu0NyI,Yeah Glo!,2qoQgPAilErOKCwE2Y8wOG,2024,76,2024-02-09,0.66,0.894,0.0,-5.349,148.072,0.181
2btNsI4OvcVl7SAHQQDHFB,Mirame,1TA5sGRlKUJXBN4ZyJuDIX,2024,88,2024-04-17,0.656,0.717,2.96e-05,-4.449,175.956,0.695
2x2olWuWXpqjoeE4bO1NFS,Never Lose Me,08PvCOlef4xdOr20jFSTPd,2024,78,2024-03-15,0.569,0.781,0.0,-7.858,121.971,0.0739
3DnsQ5O4uJw3MlYgvBJSCq,Maxed Out,1iP8yKbscxGv4Yzysz7XLr,2024,75,2024-04-19,0.374,0.685,8.43e-06,-10.778,145.915,0.364
1TgStpMGTflN84asKJ8VU3,U My Everything (feat. Drake),3DbwFQlvLxRSi2uX8mf81A,2024,76,2024-05-24,0.796,0.624,0.0,-5.413,145.212,0.704
4cfJwDxcinpg5gYUZ4qysj,Relapse,7kplJl06UmldxLKseURAYi,2024,75,2024-06-07,0.752,0.566,0.0,-4.102,140.953,0.395
1zUqoSVqUE2O5x3MJ0mHz9,Thorns,1VPmR4DJC1PlOtd0IADAO0,2024,76,2024-06-14,0.695,0.83,6.22e-05,-4.483,159.946,0.37
4QMgEffJQuKtjCNvqfRZ0m,But Daddy I Love Him,06HL4z0CvFAxyc27GXpf02,2024,79,2024-04-19,0.72,0.521,0.0,-7.684,79.943,0.438
2ObBVRY8a2lnAkNG62u9eC,Beautiful As You,6x2LnllRG5uGarZMsD4iO8,2024,75,2024-05-10,0.725,0.722,0.0,-4.41,128.007,0.468
1d966178PJg6b4kcXqoYF3,The Thin Grey Line,1VPmR4DJC1PlOtd0IADAO0,2024,75,2024-06-14,0.806,0.761,1.66e-05,-4.926,142.908,0.381
7wAkQFShJ27V8362MqevQr,"So Long, London",06HL4z0CvFAxyc27GXpf02,2024,79,2024-04-19,0.533,0.423,0.00264,-11.388,160.218,0.248
2PgjJ90q1zETqCX68dxgyd,Sweet Dreams,1Tie3AZgLQZqYEp8Fv4zOZ,2024,73,2024-05-17,0.57,0.71,0.000306,-4.99,75.036,0.486
62fqMvguJbsSs9HKhhRfuS,Talk talk,25uiPmTg16RbhZWAqwLBy5,2024,79,2024-06-07,0.892,0.579,0.0,-5.636,130.146,0.639
7uGYWMwRy24dm7RUDDhUlD,My Boy Only Breaks His Favorite Toys,06HL4z0CvFAxyc27GXpf02,2024,79,2024-04-19,0.563,0.596,0.0,-7.362,97.073,0.481
62E2nR0od0M5HYxuYLaDz7,The Black Dog,06HL4z0CvFAxyc27GXpf02,2024,78,2024-04-19,0.27,0.527,0.0,-10.855,154.042,0.23
5Bedn0svl0ZD7RGmJkmKKw,How Did It End?,06HL4z0CvFAxyc27GXpf02,2024,79,2024-04-19,0.379,0.492,0.00093,-8.859,83.993,0.273
0DIcssPpatAMqFXLZCxZMN,Antichrist,7dGJo4pcD2V6oG8kP0tJRR,2024,79,2024-07-12,0.887,0.867,1.52e-06,-3.198,98.558,0.57
5Jh1i0no3vJ9u4deXkb4aV,so american,1McMsnEElThX1knmY4oliG,2024,78,2024-03-22,0.947,0.435,0.0,-1.896,93.278,0.503
6iXgIXqpqn13pbw0ZUhf0E,Purple Gas,40ZNYROS4zLfyyBSs2PGe2,2024,74,2024-07-04,0.308,0.52,0.0,-8.924,143.928,0.493
5NAOhPAZ57eFAXr3qatS6i,Breathe,3qiHUAX7zY4Qnjx8TNUzVx,2024,77,2024-02-16,0.546,0.76,0.924,-13.092,118.051,0.113
7sTyAjxDXq9afwfSQy6D0s,BANDIT,4Gso3d4CscCijv0lmajZWs,2024,77,2024-02-01,0.733,0.686,0.0,-5.268,130.095,0.141
36t6frENUtCYKuZus6aYDO,Who’s Afraid of Little Old Me?,06HL4z0CvFAxyc27GXpf02,2024,79,2024-04-18,0.338,0.606,0.0,-10.555,119.88,0.238
5bi0gh89wRuH2OgjdAKFsb,Santa,1fctva4kpRbg2k3v7kwRuS,2024,87,2024-04-04,0.709,0.725,0.000189,-5.017,99.993,0.648
5ZUIPLoTLJZrPQh2kFZEUM,Addicted,6mDl7lQiLxT0iQ8LYhAlWy,2024,84,2024-03-29,0.741,0.771,0.000163,-7.132,120.064,0.19
0W0iAC1VGlB82PI6elxFYf,Guilty as Sin?,06HL4z0CvFAxyc27GXpf02,2024,81,2024-04-18,0.428,0.626,0.0,-8.374,94.95,0.487
1jKXjxMWlq4BhH6f9GtZbu,TORE UP,4Gso3d4CscCijv0lmajZWs,2024,78,2024-06-14,0.819,0.534,0.0011,-4.329,154.994,0.0806
33Nj9AdncSmHbCN3QeSZTL,Volver Al Futuro,3l9G1G9MxH6DaRhwLklaf5,2024,86,2024-05-30,0.662,0.753,0.0,-6.702,116.916,0.638
5v3MSh7CD3VNyCwAoSha5p,Half of forever,7osFcSwjlRPwxZdVALIOuC,2024,78,2024-01-05,0.313,0.75,9.01e-05,-7.334,76.507,0.478
22YmmVRHfFX49G6HY5NV3T,Burgundy,1VPmR4DJC1PlOtd0IADAO0,2024,75,2024-06-14,0.566,0.798,0.137,-7.102,117.978,0.0561
1aHy1ipWQRNauI0ee9uYfi,Fall Back,7LVC96BEVGugTAp38AajV6,2024,84,2024-03-22,0.158,0.871,0.0363,-10.889,126.078,0.46
4boa7Bv0VijpxoP1SHjjUb,Wanna Be Loved,6IKlXZEFOvk9itrP1s0knJ,2024,74,2024-05-22,0.469,0.621,3.29e-05,-6.015,73.16,0.363
2DXK0YNGSqnaIEX5iaSIoK,RELOJ,12GqGscKJx3aE4t07u7eVZ,2024,79,2024-06-20,0.48,0.553,0.00586,-9.886,173.009,0.456
2o1pb13quMReXZqE7jWsgq,intro (end of the world),66CXWjxzNUsdJxJ2JdwvnR,2024,84,2024-03-08,0.362,0.506,0.0,-9.48,84.726,0.385
3YkNIrAvbKNrrwwEd7NVLl,loml,06HL4z0CvFAxyc27GXpf02,2024,79,2024-04-19,0.272,0.423,0.0,-12.56,78.539,0.195
5hrGuVnNc8tkRgkW38J5Vv,Boons,40ZNYROS4zLfyyBSs2PGe2,2024,73,2024-07-04,0.33,0.495,4.49e-05,-10.171,83.211,0.234
3LkXOTWDwskwciQoARFDzu,Guilty Conscience 2,7dGJo4pcD2V6oG8kP0tJRR,2024,78,2024-07-12,0.852,0.67,0.0,-4.412,164.421,0.483
1WhCAd5sv7rIO78kVgFxIt,Drink Don't Need No Mix (feat. BigXthaPlug),3y2cIKLjiOlp1Np37WiUdH,2024,74,2024-05-31,0.63,0.885,0.0,-5.246,128.091,0.697
3Sg0jiuv2ckmxTBX4tLJQq,Just Like Johnny,4oCk0xbmAtqXZFzXtH3AgF,2024,74,2024-02-16,0.625,0.589,1.51e-05,-5.302,125.997,0.143
315aBOUD3xtj7sUMXtRgMV,In The Stars,22wbnEMDvgVIAGdFeek6ET,2024,82,2024-04-05,0.54,0.362,0.0,-6.031,78.007,0.3
6FcDxtnGfsYHOcGkXN2OIG,Add Up My Love,3l0CmX0FuQjFxr8SK7Vqag,2024,76,2024-07-12,0.621,0.715,0.0011,-6.761,104.964,0.769
4fZ07aBMo69QTEKo4OC4Dz,Up All Night (with The Lumineers & Noah Kahan),4EzkuveR9pLvDVFNx6foYD,2024,76,2024-07-19,0.872,0.598,0.0,-4.78,91.023,0.665
0mYIOzA3XWuqewk2GDtsnP,Spin You Around,4oUHIQIBe0LHzYfvXNW4QM,2024,73,2024-01-25,0.877,0.517,0.0,-3.621,149.99,0.614
1FhgmMvNlh3nJ1Ldc2eE6H,High Road (feat. Jessie Murph),1Tie3AZgLQZqYEp8Fv4zOZ,2024,73,2024-07-19,0.726,0.622,0.0,-5.608,138.043,0.534
3awweDjWIuXNMogMClJnvE,Sexy to Someone,3l0CmX0FuQjFxr8SK7Vqag,2024,76,2024-07-12,0.545,0.716,0.00369,-6.949,98.23,0.826
6xZYGIixR3zhhOHwu7UEMY,mewtwo,3gBZUcNeVumkeeJ19CY2sX,2024,75,2024-07-05,0.745,0.646,0.0,-3.341,149.971,0.316
4PdLaGZubp4lghChqp8erB,The Tortured Poets Department,06HL4z0CvFAxyc27GXpf02,2024,78,2024-04-19,0.428,0.604,0.0,-8.441,110.259,0.292
56qiAh3R5y85Ng26tkAUD3,TGIF,2qoQgPAilErOKCwE2Y8wOG,2024,74,2024-06-20,0.526,0.884,6.23e-05,-6.556,140.049,0.228
5b5cPscqVEMChvDqscVw26,Training Season,6M2wZ9GZgrQXHCFfjv46we,2024,82,2024-05-03,0.587,0.812,2.64e-06,-4.483,123.041,0.664
0B78zqopF0XS7mtooowqde,Goes Without Saying (Feat. Brad Paisley),246dkjvS1zLTtiykXe5h60,2024,34,2024-08-15,0.769,0.447,0.0,-4.936,78.98,0.5
0mNzElhEofvgMWAJoOA4q9,Pour Me A Drink (Feat. Blake Shelton),246dkjvS1zLTtiykXe5h60,2024,66,2024-08-16,0.909,0.582,0.0,-3.834,119.033,0.868
7kRI1XVHoJADTCGXJTyZvw,M-E-X-I-C-O (Feat. Billy Strings),246dkjvS1zLTtiykXe5h60,2024,48,2024-08-15,0.967,0.609,0.0,-3.44,127.989,0.605
4C0oQjFn22DzcsdA4fEahn,Never Love You Again (Feat. Sierra Ferrell),246dkjvS1zLTtiykXe5h60,2024,49,2024-08-15,0.545,0.558,4.58e-06,-5.009,107.933,0.347
3kklFoxc5wF0jFaUnyeQP0,Have The Heart (Feat. Dolly Parton),246dkjvS1zLTtiykXe5h60,2024,45,2024-08-16,0.785,0.619,0.0,-2.715,116.974,0.702
6nLUacmejwxurxcknrSWFG,California Sober (Feat. Chris Stapleton),246dkjvS1zLTtiykXe5h60,2024,51,2024-08-15,0.964,0.461,2.08e-05,-3.724,92.497,0.704
4Kd9tBUgpXv26OfR6ugBv1,Finer Things (Feat. Hank Williams Jr.),246dkjvS1zLTtiykXe5h60,2024,68,2024-08-16,0.937,0.629,0.0,-3.477,123.968,0.649
7k2nR2eTRVuzAMCXUj3HMv,Right About You,246dkjvS1zLTtiykXe5h60,2024,64,2024-08-16,0.858,0.442,0.0,-5.316,171.989,0.724
1IzCS4zuowRsXu4YS8caOB,Missin’ You Like This (Feat. Luke Combs),246dkjvS1zLTtiykXe5h60,2024,66,2024-08-16,0.707,0.502,0.0,-4.894,78.984,0.447
3It5ZyIlvFxgrxAkiQLGBR,M-E-X-I-C-O (Feat. Billy Strings),246dkjvS1zLTtiykXe5h60,2024,63,2024-08-16,0.972,0.597,0.0,-3.396,127.954,0.607
1AvMXzHYdIdJfZwpjZQCdN,M-E-X-I-C-O (Feat. Billy Strings),246dkjvS1zLTtiykXe5h60,2024,43,2024-08-16,0.97,0.596,0.0,-3.422,127.948,0.591
6HSqtj2sfYQyKgn4RS0QS6,Yours,246dkjvS1zLTtiykXe5h60,2024,44,2024-08-16,0.653,0.338,0.0,-5.218,67.993,0.346
1DhtAZ3PjM7NLe2vLIRxLx,Nosedive (Feat. Lainey Wilson),246dkjvS1zLTtiykXe5h60,2024,44,2024-08-16,0.788,0.448,0.0,-3.01,154.029,0.497
3TbybUygOpZhGF84NP3lIp,Hide My Gun (Feat. HARDY),246dkjvS1zLTtiykXe5h60,2024,42,2024-08-16,0.667,0.506,0.0,-5.072,146.156,0.336
1hpeLq6qX83kCsfh9C8RNI,Never Love You Again (Feat. Sierra Ferrell),246dkjvS1zLTtiykXe5h60,2024,44,2024-08-16,0.535,0.555,1.14e-06,-5.022,107.973,0.372
5bHr1bHc37mzsi5t7H1uNh,Wrong Ones (Feat. Tim McGraw),246dkjvS1zLTtiykXe5h60,2024,47,2024-08-16,0.775,0.487,0.0,-3.787,80.957,0.554
1T11BCrWKjUwPP9x3kIhGw,Right About You,246dkjvS1zLTtiykXe5h60,2024,42,2024-08-16,0.862,0.431,0.0,-5.357,172.131,0.725
57oVgPS8W8j7PRBGOycIXq,What Don't Belong To Me,246dkjvS1zLTtiykXe5h60,2024,45,2024-08-16,0.904,0.39,0.0,-5.278,84.13,0.6
30hbE8nm0VBt1W5F0U1Dr1,Finer Things (Feat. Hank Williams Jr.),246dkjvS1zLTtiykXe5h60,2024,47,2024-08-16,0.929,0.626,0.0,-3.476,123.966,0.674
53MOb9isu1bJlCkDTObrCB,Wrong Ones (Feat. Tim McGraw),246dkjvS1zLTtiykXe5h60,2024,24,2024-08-15,0.79,0.431,0.0,-3.815,161.988,0.479
149r4BNMXwFRWjPYcKNNgc,Devil I've Been (Feat. ERNEST),246dkjvS1zLTtiykXe5h60,2024,65,2024-08-16,0.795,0.628,0.0,-3.334,111.99,0.813
1sqXfPaRD7npnH712RZQAF,Have The Heart (Feat. Dolly Parton),246dkjvS1zLTtiykXe5h60,2024,67,2024-08-16,0.792,0.621,0.0,-2.678,116.967,0.69
4Y7NbVUUl0zGSboRGX85Cu,Wrong Ones (Feat. Tim McGraw),246dkjvS1zLTtiykXe5h60,2024,40,2024-08-15,0.777,0.436,0.0,-3.907,162.006,0.599
2CIXO1jQbrV1hlfI7FUKld,Wrong Ones (Feat. Tim McGraw),246dkjvS1zLTtiykXe5h60,2024,69,2024-08-16,0.797,0.476,0.0,-3.867,80.946,0.601
3cdvuWlgolu8yubj9XR66W,California Sober (Feat. Chris Stapleton),246dkjvS1zLTtiykXe5h60,2024,28,2024-08-15,0.961,0.452,1.23e-05,-3.744,92.501,0.615
0DM63CJEklNPKu6kHGyuEl,Yours,246dkjvS1zLTtiykXe5h60,2024,65,2024-08-16,0.672,0.514,0.0,-5.209,148.045,0.331
6nf4oqFOsVKLwJPEliYVwT,Hide My Gun (Feat. HARDY),246dkjvS1zLTtiykXe5h60,2024,64,2024-08-16,0.651,0.506,0.0,-4.993,146.141,0.338
6StwwqB84sJeLr7tZDTxEX,Guy For That (Feat. Luke Combs),246dkjvS1zLTtiykXe5h60,2024,65,2024-08-16,0.911,0.611,0.0,-4.106,119.986,0.495
20hTkA9oKKuxghkRptRczS,Goes Without Saying (Feat. Brad Paisley),246dkjvS1zLTtiykXe5h60,2024,67,2024-08-16,0.777,0.472,0.0,-5.0,79.036,0.484
5BZc4KrPMb5FjdQqP0mT0K,Missin’ You Like This (Feat. Luke Combs),246dkjvS1zLTtiykXe5h60,2024,43,2024-08-16,0.707,0.495,0.0,-4.882,78.989,0.467
0RKMthG1dz8hGpnCoDw6ae,I Had Some Help (Feat. Morgan Wallen),246dkjvS1zLTtiykXe5h60,2024,44,2024-08-16,0.848,0.646,0.0,-4.728,127.985,0.79
1ijAeZBinhAVyaD86aNWJM,Nosedive (Feat. Lainey Wilson),246dkjvS1zLTtiykXe5h60,2024,50,2024-08-15,0.791,0.47,0.0,-3.001,77.04,0.486
2BdsMotmIfPUopJoRQzeXN,California Sober (Feat. Chris Stapleton),246dkjvS1zLTtiykXe5h60,2024,42,2024-08-16,0.961,0.459,5.13e-06,-3.761,92.514,0.69
0lJNSfWnwJMIh94Dv9jQUt,What Don't Belong To Me,246dkjvS1zLTtiykXe5h60,2024,68,2024-08-16,0.906,0.478,0.0,-5.278,169.986,0.552
025Br9WLnUrOTamD9EUOv2,Goes Without Saying (Feat. Brad Paisley),246dkjvS1zLTtiykXe5h60,2024,48,2024-08-16,0.787,0.468,0.0,-4.933,158.117,0.502
5IZXB5IKAD2qlvTPJYDCFB,I Had Some Help (Feat. Morgan Wallen),246dkjvS1zLTtiykXe5h60,2024,66,2024-08-16,0.874,0.644,0.0,-4.723,128.017,0.753
4oqgPRT7otHOzKJfORa1Tp,Pour Me A Drink (Feat. Blake Shelton),246dkjvS1zLTtiykXe5h60,2024,44,2024-08-16,0.9,0.577,0.0,-3.82,119.026,0.864
0gucUyFMFRMlUiVn9US4YX,Losers (Feat. Jelly Roll),246dkjvS1zLTtiykXe5h60,2024,67,2024-08-16,0.76,0.607,0.0,-4.024,93.954,0.414
1UEgWCAt578XMHXBOMnxKx,Hide My Gun (Feat. HARDY),246dkjvS1zLTtiykXe5h60,2024,53,2024-08-15,0.644,0.512,0.0,-4.987,146.1,0.342
4rhSYWoLaBbkQccjme9UOJ,Never Love You Again (Feat. Sierra Ferrell),246dkjvS1zLTtiykXe5h60,2024,65,2024-08-16,0.545,0.57,1.41e-06,-4.93,107.952,0.344
1SPI4AlK4121PEQPGSpdcY,California Sober (Feat. Chris Stapleton),246dkjvS1zLTtiykXe5h60,2024,68,2024-08-16,0.968,0.455,2.06e-05,-3.672,92.511,0.686
1GtXRVMPrj8Z71HwuYqOGe,Losers (Feat. Jelly Roll),246dkjvS1zLTtiykXe5h60,2024,44,2024-08-16,0.773,0.611,0.0,-4.035,94.006,0.424
04IjMIccwUVB36KfYJDptZ,Devil I've Been (Feat. ERNEST),246dkjvS1zLTtiykXe5h60,2024,46,2024-08-16,0.819,0.623,0.0,-3.356,112.005,0.811
5eR3BjfnoYpj6rGhhPTGYh,Guy For That (Feat. Luke Combs),246dkjvS1zLTtiykXe5h60,2024,47,2024-08-16,0.909,0.608,0.0,-4.114,120.02,0.53
25uMKq5kygC2woAfeetEfE,Nosedive (Feat. Lainey Wilson),246dkjvS1zLTtiykXe5h60,2024,66,2024-08-16,0.782,0.287,0.0,-2.974,154.154,0.471
3SkbX1E9qYSJRI6QlpWutW,Have The Heart (Feat. Dolly Parton),246dkjvS1zLTtiykXe5h60,2024,39,2024-08-15,0.8,0.621,0.0,-2.714,116.935,0.705
0p13WrwJyOU3SwoAlSa6O4,Losers (Feat. Jelly Roll),246dkjvS1zLTtiykXe5h60,2024,45,2024-08-15,0.775,0.609,0.0,-4.031,93.967,0.422
4Xkea40brwV7ImJz5vlWbY,Hide My Gun (Feat. HARDY),246dkjvS1zLTtiykXe5h60,2024,21,2024-08-15,0.663,0.52,0.0,-5.054,146.101,0.348
26IcURoSOBlQQVHBHZyWjI,Finer Things (Feat. Hank Williams Jr.),246dkjvS1zLTtiykXe5h60,2024,38,2024-08-15,0.933,0.63,0.0,-3.456,123.953,0.676
6IuqsyXgOZJaBxx6iGLSKI,Devil I've Been (Feat. ERNEST),246dkjvS1zLTtiykXe5h60,2024,37,2024-08-15,0.804,0.622,0.0,-3.313,111.977,0.808
4hHRQydZDHho0DphGUDG4u,Wrong Ones (Feat. Tim McGraw),246dkjvS1zLTtiykXe5h60,2024,31,2024-08-16,0.79,0.438,0.0,-3.807,161.967,0.559
4fe6BhZYJJw7XRZk6muwzm,Back To Texas,246dkjvS1zLTtiykXe5h60,2024,45,2024-08-16,0.837,0.545,0.0,-4.098,134.843,0.706
3nI1lZcOKxp4QHG6fCOW6g,Wrong Ones (Feat. Tim McGraw),246dkjvS1zLTtiykXe5h60,2024,50,2024-08-16,0.785,0.437,0.0,-3.846,162.032,0.604
5U4cv9PPP0fzx392MuhwPO,Missin’ You Like This (Feat. Luke Combs),246dkjvS1zLTtiykXe5h60,2024,27,2024-08-16,0.702,0.495,0.0,-4.866,79.017,0.461
55NGmC3FhLcZ6McnK1JYGI,Yours,246dkjvS1zLTtiykXe5h60,2024,27,2024-08-16,0.661,0.535,0.0,-5.264,148.011,0.349
1QTNo6sCt8km4v3GyHRNlS,Fallin’ In Love,246dkjvS1zLTtiykXe5h60,2024,49,2024-08-16,0.881,0.626,0.0,-3.508,114.924,0.676
3vBTLInbHYx46zZZEpQx1C,Two Hearts,246dkjvS1zLTtiykXe5h60,2024,46,2024-08-16,0.476,0.537,0.0,-6.974,147.853,0.5
4l1naE7FrhvBrEkNjtGbSB,M-E-X-I-C-O (Feat. Billy Strings),246dkjvS1zLTtiykXe5h60,2024,45,2024-08-16,0.968,0.604,0.0,-3.417,127.974,0.614
6xz2HtIi1xp4bMKeFJ3krV,Go To Hell,246dkjvS1zLTtiykXe5h60,2024,47,2024-08-16,0.84,0.363,0.0,-4.31,124.126,0.53
6jWi3oGE195sSoFm3BSjAC,Finer Things (Feat. Hank Williams Jr.),246dkjvS1zLTtiykXe5h60,2024,30,2024-08-16,0.934,0.628,0.0,-3.471,123.95,0.673
5dblKNaAIqA78xiDuy8ejA,Ain’t How It Ends,246dkjvS1zLTtiykXe5h60,2024,29,2024-08-16,0.818,0.503,0.0,-3.598,172.007,0.536
7H3wY6s2ErIXGrRq1SBayd,California Sober (Feat. Chris Stapleton),246dkjvS1zLTtiykXe5h60,2024,26,2024-08-16,0.963,0.452,9.24e-06,-3.737,92.525,0.625
3nrot8erPmV7L5BrPW9mVi,California Sober (Feat. Chris Stapleton),246dkjvS1zLTtiykXe5h60,2024,46,2024-08-16,0.966,0.466,2.71e-05,-3.703,92.52,0.674
4OaYz4f3JxfgkPHnzQPu6s,Guy For That (Feat. Luke Combs),246dkjvS1zLTtiykXe5h60,2024,27,2024-08-16,0.909,0.609,0.0,-4.11,120.009,0.526
1BLk8GO0IOT6GlRvmLIM0d,Hide My Gun (Feat. HARDY),246dkjvS1zLTtiykXe5h60,2024,45,2024-08-16,0.641,0.506,0.0,-5.019,145.857,0.381
3G8syjk315Wb6f3mG3rgC1,Killed A Man,246dkjvS1zLTtiykXe5h60,2024,48,2024-08-16,0.642,0.496,0.0,-4.536,83.893,0.467
1gartEVtdwerBS7LDybF2j,Nosedive (Feat. Lainey Wilson),246dkjvS1zLTtiykXe5h60,2024,47,2024-08-16,0.797,0.439,0.0,-2.998,154.018,0.546
5vTwLzjyVJaUsEd4GOH6t9,Nosedive (Feat. Lainey Wilson),246dkjvS1zLTtiykXe5h60,2024,28,2024-08-16,0.796,0.443,0.0,-2.977,153.781,0.544
1uukncdtRehiZS3SMHOxYZ,Hey Mercedes,246dkjvS1zLTtiykXe5h60,2024,48,2024-08-16,0.902,0.586,0.0,-3.025,132.058,0.634
1HEJLYh1GIkkhdBHhsf1rW,Right About You,246dkjvS1zLTtiykXe5h60,2024,25,2024-08-16,0.862,0.441,0.0,-5.337,171.922,0.749
2F8GhXQsNDWwOQMF1IvGvA,Hide My Gun (Feat. HARDY),246dkjvS1zLTtiykXe5h60,2024,26,2024-08-16,0.649,0.505,0.0,-5.066,146.153,0.348
6H5VHVg9TIiX2HFbBhD1aw,Never Love You Again (Feat. Sierra Ferrell),246dkjvS1zLTtiykXe5h60,2024,45,2024-08-16,0.537,0.567,1.6e-06,-5.027,107.958,0.359
7x3lbhchD4MeSflqqMl5AN,Losers (Feat. Jelly Roll),246dkjvS1zLTtiykXe5h60,2024,47,2024-08-16,0.759,0.609,0.0,-4.004,93.973,0.445
3yjJCbT29Wc8ccWy9yag7l,What Don't Belong To Me,246dkjvS1zLTtiykXe5h60,2024,48,2024-08-16,0.907,0.392,0.0,-5.239,84.126,0.572
7MzbSTn0EYOgLPD77gBpbW,Missin’ You Like This (Feat. Luke Combs),246dkjvS1zLTtiykXe5h60,2024,46,2024-08-16,0.712,0.499,0.0,-4.886,78.986,0.45
4YAHUhyTzxbA5BkMTbvKqb,Yours,246dkjvS1zLTtiykXe5h60,2024,46,2024-08-16,0.663,0.522,0.0,-5.249,148.107,0.364
2jl6rKH9qQsCgmeDytere3,Have The Heart (Feat. Dolly Parton),246dkjvS1zLTtiykXe5h60,2024,48,2024-08-16,0.79,0.621,0.0,-2.68,116.977,0.754
2MMbHVHSGECoMJNE58Ghp2,Have The Heart (Feat. Dolly Parton),246dkjvS1zLTtiykXe5h60,2024,28,2024-08-16,0.79,0.625,0.0,-2.705,116.936,0.695
1xlsB7JHPf83JCSWx3Gvwy,Hey Mercedes,246dkjvS1zLTtiykXe5h60,2024,29,2024-08-16,0.918,0.582,0.0,-3.019,132.095,0.604
2klojPraJ4L0ksQKFhTPlj,Goes Without Saying (Feat. Brad Paisley),246dkjvS1zLTtiykXe5h60,2024,28,2024-08-16,0.775,0.444,0.0,-4.964,78.967,0.503
5YpGtgrW64ZerAxtxqh0w2,Right About You,246dkjvS1zLTtiykXe5h60,2024,45,2024-08-16,0.859,0.44,0.0,-5.338,172.075,0.747
0EpTsZgMtCraUpT0PARHgD,Never Love You Again (Feat. Sierra Ferrell),246dkjvS1zLTtiykXe5h60,2024,26,2024-08-16,0.536,0.568,0.0,-4.996,107.965,0.376
4ApqBh1Xnrpwx6EbhoUPgq,Ain’t How It Ends,246dkjvS1zLTtiykXe5h60,2024,48,2024-08-16,0.809,0.502,0.0,-3.608,171.952,0.555
6slyBSVe8V4sZ6smTNukQJ,What Don't Belong To Me,246dkjvS1zLTtiykXe5h60,2024,29,2024-08-16,0.903,0.355,0.0,-5.269,82.546,0.573
0b89M5bonRIcsR781e4xGT,Dead At The Honky Tonk,246dkjvS1zLTtiykXe5h60,2024,49,2024-08-16,0.87,0.461,0.0,-4.273,165.962,0.606
74lpiAq9Vn7KrIMSbn6CP4,Go To Hell,246dkjvS1zLTtiykXe5h60,2024,28,2024-08-16,0.825,0.361,1.54e-06,-4.353,124.165,0.536
3ITY5rry5FRd6CVAmtskcI,I Had Some Help (Feat. Morgan Wallen),246dkjvS1zLTtiykXe5h60,2024,28,2024-08-16,0.842,0.648,0.0,-4.773,128.018,0.781
00haKLgkadZNfMTc4J6koK,M-E-X-I-C-O (Feat. Billy Strings),246dkjvS1zLTtiykXe5h60,2024,25,2024-08-16,0.971,0.599,0.0,-3.379,127.963,0.602
3ih7ovdOGWibJ1cOB3VXXi,Dead At The Honky Tonk,246dkjvS1zLTtiykXe5h60,2024,30,2024-08-16,0.878,0.465,0.0,-4.236,165.921,0.601
65nOJMlffOn2mhgyCLl4eo,Guy For That (Feat. Luke Combs),246dkjvS1zLTtiykXe5h60,2024,46,2024-08-16,0.911,0.607,0.0,-4.084,120.01,0.478
2PoE4L4YsgxtCgqBogKc5c,I Had Some Help (Feat. Morgan Wallen),246dkjvS1zLTtiykXe5h60,2024,47,2024-08-16,0.859,0.638,0.0,-4.775,127.991,0.794
41ceaT3RvOapfDTmoFr6xn,Killed A Man,246dkjvS1zLTtiykXe5h60,2024,30,2024-08-16,0.652,0.41,0.0,-4.603,82.96,0.445
5P4ES4VjLK3lgT1SiOeWKo,Two Hearts,246dkjvS1zLTtiykXe5h60,2024,28,2024-08-16,0.478,0.536,0.0,-7.007,147.905,0.495
3n6ZJnDVc2mWpJ35TniwTR,Losers (Feat. Jelly Roll),246dkjvS1zLTtiykXe5h60,2024,28,2024-08-16,0.77,0.606,0.0,-3.991,93.983,0.4
1wTqoCV9A262wznX2EKwI1,Back To Texas,246dkjvS1zLTtiykXe5h60,2024,27,2024-08-16,0.843,0.549,0.0,-4.131,134.846,0.748
5QCOS7bwiz2i3jQqB8KZGS,Finer Things (Feat. Hank Williams Jr.),246dkjvS1zLTtiykXe5h60,2024,49,2024-08-16,0.933,0.626,0.0,-3.48,123.961,0.714
66aIyRu5dB4pcOYnQcAQBZ,Pour Me A Drink (Feat. Blake Shelton),246dkjvS1zLTtiykXe5h60,2024,28,2024-08-16,0.907,0.579,0.0,-3.833,119.018,0.863
3q0ZteBgNcxqdszDXHiVCm,Who Needs You,246dkjvS1zLTtiykXe5h60,2024,27,2024-08-16,0.801,0.577,0.0,-5.115,163.932,0.944
7CCYpMwDe5eH5PRzJ6owTA,Devil I've Been (Feat. ERNEST),246dkjvS1zLTtiykXe5h60,2024,46,2024-08-16,0.813,0.629,0.0,-3.365,112.011,0.814
58BnhZIDqSFWmXsj3UA1Un,Who Needs You,246dkjvS1zLTtiykXe5h60,2024,46,2024-08-16,0.808,0.564,0.0,-5.13,164.288,0.953
150w1WjVxUWycZqTflcDAe,Goes Without Saying (Feat. Brad Paisley),246dkjvS1zLTtiykXe5h60,2024,48,2024-08-16,0.796,0.466,0.0,-4.962,78.963,0.531
4Rtpg2DT7ZPnvmghpqyYLl,Fallin’ In Love,246dkjvS1zLTtiykXe5h60,2024,31,2024-08-16,0.894,0.631,0.0,-3.552,114.9,0.7
3Yutkz9F3piqIhD8WWOXnO,Devil I've Been (Feat. ERNEST),246dkjvS1zLTtiykXe5h60,2024,27,2024-08-16,0.815,0.63,0.0,-3.355,111.99,0.79
5JNdWvUQz88ReuMRhbt2a7,Pour Me A Drink (Feat. Blake Shelton),246dkjvS1zLTtiykXe5h60,2024,47,2024-08-16,0.906,0.579,0.0,-3.832,119.031,0.893
60lAoxcyDvRbcNY82VEoEA,Beckham,2fBU7rOViK7ywwHCIYEa7h,2024,75,2024-07-03,0.84,0.721,0.0,-4.994,146.223,0.427
0g3WQjlhCk9gcIVow4DigI,Number 2,4Ga1P7PMIsmqEZqhYZQgDo,2024,76,2024-05-03,0.636,0.641,0.0,-4.75,125.053,0.138
35I2E525yJpUQ5ZJgfxizT,Harpy Hare,3rRyfgGByetsaaujkjQ7rY,2024,79,2024-01-04,0.533,0.645,7.08e-06,-11.65,130.02,0.349
0PHrcmOtDE89ew4vVEaD7S,BANDIT,4Gso3d4CscCijv0lmajZWs,2024,76,2024-06-14,0.794,0.68,0.0,-4.534,130.109,0.111
38tXZcL1gZRfbqfOG0VMTH,How Sweet,6HvZYsbFfjnjFrWF950C9d,2024,83,2024-05-24,0.895,0.803,5.67e-06,-2.888,124.994,0.757
57L5EYzCfHS7Jd58rV33lW,HIGHJACK,13ubrt8QOOCPljQ2FL1Kca,2024,77,2024-08-02,0.682,0.61,0.0,-4.877,142.966,0.694
11nmHJICkQ9emiYJJINygH,New To Country,3win9vGIxFfBRag9S63wwf,2024,73,2024-06-28,0.931,0.575,1.72e-05,-4.995,146.029,0.924
4k0pqjIpfO7WV3eFUTgL9m,Heartbreaker,7kplJl06UmldxLKseURAYi,2024,74,2024-02-02,0.608,0.489,0.0,-5.329,148.117,0.352
5GTBdEjZe7zEDp1N0eCZE4,HOLLYWOOD,12GqGscKJx3aE4t07u7eVZ,2024,81,2024-06-20,0.683,0.707,5.88e-06,-7.598,94.979,0.545
5ExOm0dh4NyRyAdSAO9hyM,Florida!!! (feat. Florence + The Machine),06HL4z0CvFAxyc27GXpf02,2024,77,2024-04-19,0.573,0.533,0.0,-7.123,150.088,0.398
5ocSQW5sIUIOFojwXEz9Ki,Supernatural,6HvZYsbFfjnjFrWF950C9d,2024,83,2024-06-21,0.708,0.699,8.43e-06,-4.182,108.887,0.863
4wTvw1dBiPXNiHTh0zzpcI,B2b,25uiPmTg16RbhZWAqwLBy5,2024,77,2024-06-07,0.771,0.769,0.671,-3.12,116.027,0.37
5CYblb1W46TNSWMR7BBwS2,Death Wish Love (From Twisters: The Album),22wbnEMDvgVIAGdFeek6ET,2024,77,2024-07-19,0.676,0.692,0.0,-5.888,122.926,0.47
3lMzT16MjAKKXF7pSZn13B,Tell Ur Girlfriend,4OVbrPbhvK46A1uXTU1u5F,2024,80,2024-02-07,0.741,0.866,0.0,-4.66,135.07,0.614
1tuNqJOtRQVHvONR8Lg3MZ,The Alchemy,06HL4z0CvFAxyc27GXpf02,2024,78,2024-04-19,0.421,0.64,0.0,-8.802,100.056,0.353
4MXzdffMz78GLlLM7mDa9v,The Man He Sees in Me,718COspgdWOnwOFpJHRZHS,2024,74,2024-06-14,0.427,0.584,4.61e-06,-8.685,82.03,0.535
7Eg4LsQTM6QOqeCS8EihZI,Blowing Smoke,4tuJ0bMpJh08umKkEXKUI5,2024,76,2024-06-21,0.634,0.62,0.0,-5.098,139.968,0.373
6D8y7Bck8h11byRY88Pt2z,Houdini,6M2wZ9GZgrQXHCFfjv46we,2024,82,2024-05-03,0.789,0.744,0.00144,-4.876,116.985,0.866
02cRoSfWU3RJNFyU3o4lhV,SANTAL 33,12GqGscKJx3aE4t07u7eVZ,2024,82,2024-06-20,0.764,0.715,8.11e-06,-6.064,125.095,0.735
0reBZSEtwbvqkXoWGtmV0k,Sale Para Ser Feliz,6PH3FLQAxtqYy46Zv08bpV,2024,76,2024-07-19,0.498,0.593,0.0,-9.042,153.102,0.18
1zhMHgotgZXkLCXpqNRnPK,N o C h i l l,2HPaUgqeutzr3jx5a9WyDV,2024,77,2024-04-26,0.411,0.575,0.00321,-9.022,81.755,0.062
48vIfHaK7by6x0T6ucpODL,Make You Mine,2kRfqPViCqYdSGhYSM9R0Q,2024,81,2024-02-09,0.642,0.533,0.00697,-6.315,123.128,0.488
3dzRwqd1L3HqxmViUJt20A,Sweet Dreams,1Tie3AZgLQZqYEp8Fv4zOZ,2024,71,2024-07-19,0.57,0.71,0.000306,-4.99,75.036,0.486
7IWcDWOfiooH5hRs9XOVYz,Fresh Out The Slammer,06HL4z0CvFAxyc27GXpf02,2024,77,2024-04-19,0.483,0.33,0.0,-9.394,87.115,0.34
6UmKnXmG7VmYqFnmSPOfRj,Get It Sexyy,3DbwFQlvLxRSi2uX8mf81A,2024,73,2024-05-24,0.64,0.811,0.0,-5.63,145.031,0.527
1De425SCFJULIHbcmeebUw,LET THE WORLD BURN,0F3maSKfGGVtfATaAyeyPG,2024,81,2024-03-08,0.557,0.377,0.0,-6.934,92.89,0.248
4oowI6IgJp9oqUnJewTp6Y,LINDA,5eumcnUkdmGvkvcsx1WFNG,2024,83,2024-05-23,0.761,0.911,3.48e-05,-6.712,124.983,0.948
0xzBmAsCfu3AzX1W0GYtMJ,Guess,25uiPmTg16RbhZWAqwLBy5,2024,77,2024-06-10,0.694,0.774,0.368,-4.809,130.017,0.537
41XsipI31N1fLKLVvWNuQC,Mechanical Bull,40ZNYROS4zLfyyBSs2PGe2,2024,72,2024-07-04,0.404,0.423,0.00895,-9.563,145.902,0.257
6uMGHQvhZq8YyT4kdnG1L3,Temporary,7dGJo4pcD2V6oG8kP0tJRR,2024,77,2024-07-12,0.439,0.574,0.0,-10.311,78.302,0.395
1Y1jtaZOJYgXBl7lKdLc9o,A Cold Sunday,6icQOAFXDZKsumw3YXyusw,2024,74,2024-02-02,0.86,0.575,0.0,-3.165,76.54,0.834
2p5LjvjZlMSxxwNUtDyG5x,All My Life,2CmaKO2zEGJ1NWpS1yfVGz,2024,74,2024-06-06,0.92,0.591,0.0,-4.135,92.009,0.472
4MSj19TwYBLgDFj3ddEeco,Black Friday (pretty like the sun),7f5Zgnp2spUuuzKplmRkt7,2024,85,2024-07-19,0.618,0.853,0.89,-10.833,126.031,0.32
6XaJfhwof7qIgbbXO5tIQI,Igual Que Un Ángel (with Peso Pluma),1U1el3k54VvEUzo3ybLPlM,2024,79,2024-01-12,0.592,0.695,0.000663,-5.34,108.001,0.482
4U20gQcVcjzY12xhLsXwXy,GTA,0pePYDrJGk8gqMRbXrLJC8,2024,81,2024-02-29,0.755,0.723,0.0,-6.41,137.926,0.804
5NU6kBZORKaoqS09mOqgXs,23,5ujvZU2thXjZgFKPUt1rDt,2024,74,2024-04-05,0.584,0.628,0.0,-7.361,87.972,0.38
1rjvXhfeSpVVqERzW8qhRw,Lone Wolf Hysteria,1VPmR4DJC1PlOtd0IADAO0,2024,73,2024-06-14,0.763,0.752,0.00874,-5.045,81.5,0.396
5UHK1rtK4MpBGb0KppIYh4,VINO TINTO,12GqGscKJx3aE4t07u7eVZ,2024,81,2024-06-20,0.769,0.664,0.0,-5.056,134.97,0.542
3hlGuz3loYoLfI3bpwieWq,I Hate It Here,06HL4z0CvFAxyc27GXpf02,2024,77,2024-04-19,0.562,0.485,0.0,-7.197,105.953,0.297
59ixjAY05WENR6TitS0EKh,Twisting Fingers (with Moneybagg Yo),3BAgmPNIK5IJl7zMK1wvMA,2024,72,2024-03-01,0.511,0.893,0.0,-7.026,152.091,0.936
1xUddpWyEuYl5T3mduKnOJ,Lady Killers II,02kJSzxNuaWGqwubyUba0Z,2024,80,2024-03-17,0.567,0.673,0.00506,-10.334,136.005,0.497
5sMEEjviCkH6Rp5X2ZvIIc,Everything is romantic,25uiPmTg16RbhZWAqwLBy5,2024,77,2024-06-07,0.638,0.485,4.13e-05,-6.962,149.99,0.421
7s4emXHJwAuo5VvGBXmnBL,offline,3qsKSpcV3ncke3hw52JSMB,2024,84,2024-04-05,0.729,0.794,0.0,-5.424,92.967,0.54
2913xXOVAIDAqxzV2g4VcU,The Bolter,06HL4z0CvFAxyc27GXpf02,2024,76,2024-04-19,0.586,0.455,0.0,-7.978,183.694,0.481
3cKnHNL40tqnmjXiv4FOlk,Never Be Yours,1U1el3k54VvEUzo3ybLPlM,2024,75,2024-06-21,0.534,0.386,0.00206,-9.401,94.953,0.147
0rNqDh9zWWJVTLS4VfceHP,Brickell,2LRoIwlKmHjgvigdNGBHNo,2024,83,2024-04-10,0.89,0.805,0.0,-1.502,93.037,0.489
0bBnrokPXtfwXQarqCu1Gz,Road Rage,7dGJo4pcD2V6oG8kP0tJRR,2024,76,2024-07-12,0.744,0.835,0.0,-4.485,94.984,0.328
3pR7ZToCrzeNkfEf6n2rVR,B.A.S. (feat. Kyle Richh),181bsRPaVXVlUKXrxwZfHK,2024,73,2024-06-28,0.761,0.71,0.0,-3.424,150.016,0.504
2ZAEbGGj1yXJRCoVaEn16K,Dirty (feat. Teddy Swims),2yLzlEFtIS0Q9UkyBZdQA7,2024,75,2024-08-02,0.565,0.39,0.0,-5.575,133.85,0.183
6v9i26kpd5HeRx2XYjG3fp,Mama I Lied,5Ppie0uPnbnvGBYRwYmlt0,2024,71,2024-07-12,0.491,0.393,0.0,-5.571,139.604,0.37
2yUzr8Sr6ldG8vmHhZwTnz,née-nah,1URnnhqYAYcrqrcwql10ft,2024,76,2024-01-12,0.758,0.681,0.0,-6.524,165.409,0.331
2BMlaVJaHDGd3ODSyrB2VK,Brillarosa,0ys2OFYzWYB5hRDLCsBqxt,2024,78,2024-02-09,0.782,0.771,1.25e-06,-5.841,125.027,0.839
3t6gUcGYLrUuqwpXjOFWQc,I Never Lie,4FGPzWzgjURDNT7JQ8pYgH,2024,71,2024-04-05,0.641,0.782,0.00923,-6.431,107.997,0.522
3zMDGj4D8ogaYgAIZPeU7S,Peter,06HL4z0CvFAxyc27GXpf02,2024,77,2024-04-19,0.376,0.342,0.0,-8.212,176.859,0.29
5jFA0f4ZDGLbQP4nxzL8D4,HAY LUPITA,2rMFPjySMqkgBajkLKL6zo,2024,85,2024-03-28,0.583,0.845,0.000459,-3.455,145.078,0.903
2nRMW95dnOILirpjbksLTs,Never Let Go,6HaGTQPmzraVmaVxvz6EUc,2024,86,2024-06-07,0.773,0.664,1.49e-05,-4.32,129.884,0.173
28xOPIPw0joNPwYd0asIT5,Fried (She a Vibe),1RyvyyTE3xzB2ZywiAwp0i,2024,73,2024-03-22,0.688,0.833,0.0,-4.581,145.03,0.375
3QS9ZCtoSCJhmaJ7QNXSAS,act ii: date @ 8 (feat. Drake) - remix,5fi7lIgJGH3RgUpJYcffQ7,2024,76,2024-03-08,0.545,0.55,0.0,-9.304,102.469,0.412
6WEXy56jM0Nl3bZHY9l7aH,Tough Love,4tuJ0bMpJh08umKkEXKUI5,2024,75,2024-06-21,0.716,0.554,0.0,-4.334,89.873,0.664
1YsU8rW2u8z4F0pwOBQ4Ea,feelslikeimfallinginlove,4gzpq5DPGxSnKTe4SA8HAU,2024,85,2024-06-21,0.515,0.629,0.00751,-7.503,121.154,0.339
6PmqCt2fO80OojY5eGS2X3,Mr Pot Scraper,23xFbA9rYgRX8mreqysWPc,2024,72,2024-02-23,0.491,0.782,0.0,-7.179,159.945,0.304
7ovB5FvDwq1g7AG9ICYaNY,overseas,3gBZUcNeVumkeeJ19CY2sX,2024,74,2024-04-12,0.776,0.484,0.0,-3.485,150.876,0.139
15qnOSRK5HMWOgL5HURhrc,Bad One,7dGJo4pcD2V6oG8kP0tJRR,2024,76,2024-07-12,0.724,0.917,0.0,-4.877,145.775,0.484
1rmEsOezwf2lmIZTMAO5Ag,Chloe or Sam or Sophia or Marcus,06HL4z0CvFAxyc27GXpf02,2024,76,2024-04-19,0.451,0.516,0.0,-8.552,70.266,0.218
0tXFWZC3ZF44vgi0h2o4iI,Mirada,6PH3FLQAxtqYy46Zv08bpV,2024,75,2024-07-19,0.393,0.69,0.0023,-10.255,95.008,0.225
6i8MbzVn4nzyjUcSoVcz7B,Armageddon,6YVMFz59CuY7ngCxTxjpxE,2024,78,2024-05-27,0.789,0.695,1.39e-06,-2.05,91.991,0.469
3mEzpEGoKm3D3gLwnPMBP3,Like Ida,40ZNYROS4zLfyyBSs2PGe2,2024,71,2024-07-04,0.319,0.603,0.0,-7.536,110.713,0.227
30tk4sJS9DadhmnWDRv0hW,Northern Thunder,40ZNYROS4zLfyyBSs2PGe2,2024,71,2024-07-04,0.409,0.566,1.16e-05,-7.152,129.363,0.329
1YvT4ml5LQM8ZYcLvqsAkD,Remember Him That Way,718COspgdWOnwOFpJHRZHS,2024,73,2024-06-14,0.689,0.532,4.39e-05,-8.12,171.904,0.525
1Rweq7vNjK4kZBbGrmxQsl,bye,66CXWjxzNUsdJxJ2JdwvnR,2024,78,2024-03-08,0.645,0.606,0.0,-4.835,110.016,0.453
5D34wRmbFS29AjtTOP2QJe,"yes, and?",66CXWjxzNUsdJxJ2JdwvnR,2024,79,2024-03-08,0.775,0.787,6.54e-05,-6.614,118.998,0.787
